IAGA,GLON,GLAT,MLON,MLAT,Station name,2000,2001,2002,2003,2004,2005,2006,2007,2008,2009,2010,2011,2012,2013,2014,2015,2016,2017,2018,2019
SON,66.44,25.12,139.66,19.4,Sonmiani,0%,0%,0%,0%,0%,0%,0%,0%,0%,0%,0%,0%,0%,0%,13%,95%,91%,96%,82%,88%
AMU,210.13,61.24,-93.65,61.26,Anchorage,0%,0%,0%,0%,0%,0%,0%,80%,93%,39%,0%,0%,0%,0%,0%,0%,0%,0%,0%,0%
YKC,245.52,62.48,-57.18,69.41,Yellowknife,99%,94%,100%,100%,100%,86%,100%,100%,63%,97%,98%,99%,100%,100%,99%,95%,100%,94%,80%,84%
CBB,254.97,69.12,-48.23,77.05,Cambridge Bay,99%,100%,99%,97%,100%,100%,100%,99%,100%,100%,95%,100%,100%,94%,93%,91%,97%,100%,92%,10%
RES,265.11,74.69,-36.09,82.95,Resolute Bay,100%,100%,100%,100%,100%,100%,93%,99%,100%,100%,100%,96%,100%,100%,100%,100%,100%,94%,98%,99%
BLC,263.99,64.32,-30.38,73.62,Baker Lake,100%,100%,100%,100%,100%,88%,83%,64%,93%,99%,100%,99%,100%,100%,98%,95%,100%,99%,72%,93%
MEA,246.65,54.62,-52.4,61.86,Meanook,100%,100%,100%,100%,98%,100%,100%,92%,99%,99%,91%,96%,100%,100%,100%,100%,100%,99%,100%,98%
SIT,224.67,57.06,-78.11,59.84,Sitka,100%,98%,100%,100%,99%,100%,97%,99%,99%,100%,100%,99%,98%,96%,98%,100%,100%,100%,100%,100%
PBQ,282.26,55.28,-0.01,65.08,Poste de la Baleine,100%,99%,97%,100%,100%,94%,100%,49%,0%,0%,0%,0%,0%,0%,0%,0%,0%,0%,0%,0%
MEK,30.97,62.77,108.58,59.49,Mekrijaervi,0%,0%,0%,0%,25%,96%,88%,97%,100%,99%,91%,98%,95%,85%,89%,98%,97%,82%,96%,97%
STJ,307.32,47.6,31.55,52.7,St Johns,92%,100%,97%,99%,100%,99%,97%,99%,95%,49%,73%,43%,97%,100%,100%,100%,97%,100%,99%,99%
ALE,297.5,82.5,87.98,87.14,Alert,98%,89%,97%,100%,97%,0%,0%,0%,0%,0%,4%,0%,0%,0%,0%,0%,0%,0%,0%,0%
LRV,338.3,64.18,66.69,64.99,Leirvogur,100%,100%,100%,100%,100%,100%,0%,0%,100%,100%,100%,100%,100%,0%,0%,0%,0%,0%,0%,0%
BOU,254.76,40.14,-38.93,48.59,Boulder,94%,99%,100%,100%,99%,91%,98%,100%,99%,100%,100%,100%,100%,99%,100%,100%,98%,99%,100%,100%
FRN,240.28,37.09,-55.12,42.7,Fresno,89%,97%,99%,89%,99%,99%,98%,97%,0%,97%,99%,99%,99%,100%,93%,0%,96%,100%,100%,96%
VIC,236.58,48.52,-62.31,53.63,Victoria,99%,100%,100%,100%,100%,100%,96%,100%,99%,100%,99%,99%,100%,98%,99%,100%,100%,100%,99%,100%
NEW,242.88,48.27,-55.08,54.67,Newport,96%,94%,96%,94%,89%,96%,99%,98%,100%,100%,100%,100%,100%,99%,96%,97%,100%,99%,100%,100%
LOV,17.83,59.35,96.06,56.21,Lovo,100%,100%,100%,100%,32%,0%,0%,0%,0%,0%,0%,0%,0%,0%,0%,0%,0%,0%,0%,0%
LER,358.82,60.13,80.91,58.17,Lerwick,100%,100%,100%,100%,100%,100%,100%,100%,100%,100%,100%,100%,100%,100%,100%,100%,100%,100%,100%,100%
VAL,349.75,51.93,70.36,49.15,Valentia,100%,100%,100%,100%,100%,100%,100%,100%,100%,100%,100%,100%,100%,100%,85%,99%,98%,100%,88%,68%
HAD,355.52,50.98,74.68,47.4,Hartland,100%,100%,100%,100%,100%,100%,100%,100%,100%,100%,100%,100%,100%,100%,99%,100%,100%,100%,100%,100%
ESK,356.8,55.32,77.2,52.73,Eskdalemuir,100%,100%,100%,100%,100%,100%,100%,100%,100%,100%,100%,100%,100%,100%,99%,100%,100%,99%,100%,100%
MAB,5.68,50.3,82.8,46.01,Manhay,98%,98%,99%,100%,100%,100%,100%,100%,100%,100%,100%,99%,99%,99%,8%,11%,27%,32%,93%,82%
DOU,4.6,50.1,81.84,45.78,Dourbes,100%,100%,100%,96%,100%,100%,100%,100%,100%,100%,100%,100%,100%,100%,8%,8%,33%,33%,99%,83%
BFE,11.67,55.62,89.49,52.24,Brorfelde,100%,100%,100%,100%,100%,100%,100%,100%,100%,98%,99%,100%,77%,99%,98%,100%,99%,100%,92%,91%
CLF,2.27,48.02,79.35,43.16,Chambon la foret,100%,100%,100%,100%,100%,100%,100%,100%,100%,100%,100%,100%,100%,100%,100%,99%,98%,100%,100%,14%
OTT,284.45,45.4,2.32,55.1,Ottawa,100%,100%,100%,100%,100%,100%,100%,99%,98%,99%,100%,100%,97%,100%,100%,99%,100%,100%,100%,100%
WNG,9.07,53.75,86.68,50.14,Wingst,100%,100%,100%,100%,99%,100%,100%,100%,100%,99%,100%,100%,100%,99%,100%,100%,100%,100%,98%,98%
VRE,292.38,-17.28,3.84,-4.68,Villa Remedios,0%,0%,3%,85%,94%,100%,97%,95%,91%,90%,70%,98%,94%,96%,0%,0%,0%,0%,0%,0%
SHE,354.27,-15.95,63.53,-25.7,St. Helena,0%,0%,0%,0%,0%,0%,0%,29%,22%,39%,95%,99%,99%,59%,0%,0%,0%,0%,0%,0%
SMA,334.87,36.99,55.41,30.6,Santa Maria/Azoren,0%,0%,0%,0%,0%,0%,0%,0%,0%,0%,0%,0%,0%,0%,0%,0%,0%,0%,0%,0%
PNL,303.83,-16.68,14.09,-7.93,Pantanal,0%,0%,0%,0%,0%,0%,0%,0%,0%,0%,0%,0%,0%,0%,0%,0%,0%,0%,0%,0%
THY,17.54,46.9,92.17,41.75,Tihany,99%,100%,100%,100%,100%,99%,100%,100%,100%,100%,100%,99%,100%,100%,99%,97%,95%,95%,97%,97%
BEL,20.8,51.83,96.2,47.69,Belsk,100%,100%,100%,100%,100%,100%,100%,100%,100%,100%,100%,100%,100%,100%,100%,100%,100%,97%,100%,100%
FUR,11.28,48.17,86.98,43.24,Furstenfeldbruk,100%,100%,100%,100%,100%,100%,100%,100%,100%,100%,100%,100%,100%,91%,100%,63%,97%,97%,92%,95%
NGK,12.68,52.07,89.21,48.03,Niemegk,100%,100%,100%,100%,100%,100%,100%,100%,100%,100%,100%,100%,100%,100%,100%,100%,100%,100%,100%,98%
BDV,14.02,49.07,89.57,44.37,Budkov,100%,100%,100%,100%,100%,100%,100%,100%,100%,99%,99%,99%,100%,98%,45%,53%,89%,94%,92%,94%
FRD,282.63,38.2,-0.86,48.2,Fredericksburg,100%,100%,98%,98%,95%,99%,99%,99%,98%,98%,100%,100%,99%,99%,99%,99%,100%,100%,100%,100%
CRP,275.09,10.44,-12.78,21.66,Chiripa,0%,0%,0%,0%,0%,0%,0%,0%,0%,0%,93%,0%,0%,0%,0%,0%,0%,0%,0%,0%
HYB,78.6,17.4,151.7,10.39,Hyderabad,0%,0%,0%,0%,0%,0%,0%,0%,0%,97%,94%,100%,100%,49%,81%,100%,26%,0%,95%,0%
IPM,250.58,-27.2,-32.45,-19.41,Isla de Pascua,0%,0%,0%,0%,0%,0%,0%,0%,0%,0%,96%,91%,100%,100%,100%,94%,87%,100%,69%,27%
KMH,18.11,-26.54,86.04,-36.3,Keetmanshoop,0%,0%,0%,0%,0%,0%,0%,0%,0%,92%,77%,81%,90%,84%,86%,94%,68%,85%,96%,0%
NMP,39.25,-15.09,110.67,-24.92,Nampula,0%,0%,0%,0%,0%,0%,0%,0%,0%,84%,66%,89%,0%,0%,0%,0%,0%,0%,0%,0%
DED,211.21,70.36,-99.57,70.79,Deadhorse,0%,0%,0%,0%,0%,0%,0%,0%,0%,0%,77%,98%,99%,99%,99%,99%,96%,100%,97%,99%
KEP,323.51,-54.28,25.79,-45.02,King Edward Point,0%,0%,0%,0%,0%,0%,0%,0%,0%,0%,0%,85%,0%,100%,8%,99%,99%,98%,96%,99%
CDP,256.3,31,-35.87,39.52,Chengdu,0%,0%,0%,0%,0%,0%,0%,0%,65%,0%,0%,0%,0%,0%,0%,0%,0%,0%,0%,0%
DMC,235.83,-75.25,-14.9,-65.42,Dome Concordia,0%,0%,0%,0%,0%,0%,0%,0%,0%,94%,98%,96%,100%,97%,97%,86%,97%,99%,99%,90%
LON,16.66,45.41,91.1,39.87,Lonjsko Polje,0%,0%,0%,0%,0%,0%,0%,0%,0%,0%,0%,0%,0%,0%,0%,0%,100%,100%,97%,100%
SPG,29.72,60.54,106.65,57.19,Saint Petersburg,0%,0%,0%,0%,0%,0%,0%,0%,0%,0%,0%,0%,0%,0%,0%,0%,99%,88%,98%,87%
TAB,291.18,76.54,27.22,83.93,Thule Air Base,0%,0%,0%,0%,0%,0%,0%,0%,0%,0%,0%,0%,0%,0%,0%,0%,91%,91%,97%,55%
ROE,8.55,55.17,86.73,51.84,Roemoe,0%,0%,0%,0%,0%,0%,0%,0%,33%,85%,98%,53%,97%,99%,99%,88%,98%,97%,97%,41%
THL,290.77,77.47,29.27,84.76,Qaanag,100%,100%,100%,100%,100%,100%,100%,100%,100%,100%,100%,100%,100%,100%,99%,98%,100%,100%,99%,98%
SVS,294.9,76.02,32.89,83.04,Savissivik,99%,95%,91%,100%,99%,76%,95%,99%,100%,15%,0%,0%,92%,96%,96%,78%,98%,96%,94%,96%
KUV,302.82,74.57,41.95,80.71,Kullorsuaq,100%,100%,84%,99%,75%,38%,95%,24%,0%,61%,94%,34%,95%,97%,97%,93%,96%,57%,87%,87%
UPN,303.85,72.78,40.2,78.96,Upernavik,98%,76%,62%,98%,94%,94%,93%,100%,100%,78%,99%,99%,96%,98%,99%,74%,96%,75%,94%,95%
UMQ,307.87,70.68,42.56,76.4,Uummannaq,98%,63%,36%,100%,99%,81%,100%,90%,2%,63%,99%,100%,84%,89%,85%,73%,95%,45%,89%,86%
GDH,306.47,69.25,39.35,75.27,Godhavn,100%,100%,100%,100%,100%,100%,100%,100%,91%,100%,100%,99%,99%,100%,99%,97%,100%,99%,99%,100%
ATU,306.43,67.93,38.14,74.01,Attu,85%,99%,59%,99%,99%,97%,99%,88%,89%,0%,0%,0%,95%,82%,98%,90%,87%,99%,87%,89%
STF,309.28,67.02,40.83,72.66,Kangerlussuaq,98%,84%,87%,100%,100%,100%,100%,99%,100%,92%,99%,99%,91%,96%,98%,94%,98%,99%,77%,99%
SKT,307.1,65.42,37.16,71.46,Maniitsoq,38%,7%,74%,100%,100%,99%,78%,58%,68%,74%,95%,99%,94%,94%,97%,97%,98%,97%,91%,92%
GHB,308.27,64.17,37.79,70.01,Nuuk,94%,99%,100%,94%,99%,43%,39%,0%,0%,63%,98%,98%,94%,97%,97%,68%,35%,96%,97%,99%
FHB,310.32,62,38.99,67.44,Paamiut,96%,100%,100%,100%,100%,56%,0%,0%,0%,38%,40%,91%,97%,98%,97%,97%,99%,99%,94%,93%
NAQ,314.56,61.16,43.14,65.78,Narssarssuaq,100%,100%,100%,100%,100%,100%,100%,100%,100%,58%,99%,100%,98%,100%,100%,100%,100%,99%,99%,84%
NRD,343.33,81.6,101.85,81.23,Nord,51%,97%,100%,99%,100%,93%,100%,98%,90%,16%,0%,0%,0%,0%,0%,0%,0%,0%,0%,0%
DMH,341.37,76.77,84.47,77.3,Danmarkshavn,100%,100%,81%,69%,51%,9%,100%,100%,99%,9%,0%,0%,95%,96%,99%,97%,96%,97%,90%,98%
DNB,339.78,74.3,78.43,75.16,Daneborg,20%,89%,100%,62%,79%,53%,97%,0%,0%,0%,0%,0%,0%,0%,0%,0%,0%,0%,0%,0%
SCO,338.03,70.48,71.82,71.6,Ittoqqortoormiit,99%,98%,96%,100%,100%,82%,100%,98%,78%,15%,40%,100%,98%,98%,99%,1%,0%,0%,0%,0%
AMK,322.37,65.6,53.54,68.99,Tasiilaq,97%,97%,100%,100%,99%,96%,100%,100%,98%,0%,23%,0%,0%,0%,0%,0%,0%,0%,0%,0%
MCN,322.38,73.93,62.96,77.2,Magic1 north,0%,0%,0%,0%,0%,0%,0%,0%,0%,0%,0%,0%,0%,0%,0%,0%,0%,0%,0%,0%
MCE,326.1,72.4,63.97,75.19,Magic1 east,0%,0%,0%,0%,0%,0%,0%,0%,0%,0%,0%,0%,0%,0%,0%,0%,0%,0%,0%,0%
MCW,317.41,72,54.97,76.14,Magic1 west,0%,0%,0%,0%,0%,0%,0%,0%,0%,0%,0%,0%,0%,0%,0%,0%,0%,0%,0%,0%
MCG,321.65,72.6,60.08,76.06,Magic2 GISP,23%,8%,0%,0%,0%,0%,0%,0%,0%,0%,0%,0%,0%,0%,0%,0%,0%,0%,0%,0%
MCR,313.71,66.48,45.38,71.37,Magic2 Raven,69%,39%,0%,0%,0%,0%,0%,0%,0%,0%,0%,0%,0%,0%,0%,0%,0%,0%,0%,0%
TDC,347.69,-37.1,49.78,-39.76,Tristan de Cunha,0%,0%,0%,0%,0%,0%,0%,0%,0%,26%,99%,97%,100%,100%,87%,96%,91%,92%,68%,56%
SUM,321.7,72.3,59.69,75.76,Summit,0%,0%,0%,0%,0%,0%,0%,0%,0%,0%,0%,0%,0%,0%,0%,0%,56%,98%,56%,59%
HOV,353.2,61.5,77.14,60.23,Faroe Island,0%,0%,0%,0%,0%,0%,0%,0%,0%,0%,0%,0%,0%,0%,0%,0%,0%,51%,86%,28%
GIM,265.36,56.38,-26.36,66.2,Gillam,99%,96%,94%,100%,93%,98%,99%,99%,99%,99%,100%,98%,98%,54%,61%,99%,82%,99%,94%,58%
TAL,266.45,69.54,-28.34,78.52,Taloyoak,37%,59%,32%,76%,42%,82%,66%,67%,93%,86%,83%,75%,76%,43%,10%,0%,7%,7%,68%,16%
CNL,248.75,65.75,-54.85,73.06,Contwoyto Lake,98%,91%,85%,85%,62%,94%,78%,0%,0%,0%,0%,0%,0%,0%,0%,0%,0%,0%,0%,0%
DAW,220.89,64.05,-85.65,66.19,Dawson City,91%,91%,99%,91%,98%,91%,73%,77%,99%,98%,99%,90%,96%,62%,32%,47%,25%,91%,74%,40%
EKP,265.95,61.11,-26.26,70.76,Eskimo Point,90%,92%,90%,0%,0%,0%,0%,0%,0%,0%,0%,0%,0%,0%,0%,0%,0%,0%,0%,0%
FCC,265.91,58.76,-25.88,68.53,Fort Churchill,100%,100%,100%,100%,100%,100%,98%,99%,100%,98%,100%,98%,98%,100%,97%,99%,92%,96%,96%,89%
FMC,248.79,56.66,-50.31,64.29,Fort McMurray,94%,98%,98%,99%,64%,70%,100%,99%,97%,100%,99%,87%,90%,47%,89%,86%,86%,80%,95%,74%
FSP,238.77,61.76,-65.21,67.45,Fort Simpson,94%,93%,99%,99%,85%,92%,100%,99%,99%,98%,99%,100%,90%,73%,96%,41%,99%,87%,100%,100%
SMI,248.07,60.03,-52.59,67.48,Fort Smith,99%,92%,98%,98%,100%,97%,100%,99%,87%,88%,87%,60%,62%,94%,71%,97%,98%,42%,100%,80%
ISL,265.34,53.86,-26.06,63.74,Island Lake,0%,0%,0%,84%,94%,88%,100%,44%,87%,98%,85%,98%,90%,81%,81%,49%,27%,46%,93%,72%
PIN,263.96,50.2,-27.7,60.01,Pinawa,96%,95%,27%,98%,90%,94%,84%,97%,95%,92%,84%,89%,86%,95%,77%,28%,79%,74%,55%,34%
RAL,256.32,58.22,-40.38,67.01,Rabbit Lake,99%,99%,100%,96%,99%,92%,100%,90%,92%,95%,97%,95%,89%,79%,86%,57%,83%,90%,60%,72%
RAN,267.89,62.82,-23.42,72.47,Rankine Inlet,93%,91%,88%,70%,71%,37%,61%,50%,74%,50%,37%,65%,58%,75%,81%,89%,27%,87%,97%,59%
NOR,25.79,71.09,109.23,68.11,Nordkapp,0%,0%,0%,0%,0%,0%,0%,22%,32%,95%,98%,99%,90%,95%,98%,100%,99%,100%,99%,80%
NAL,11.95,78.92,110.01,76.5,New Aalesund,100%,100%,100%,99%,83%,100%,100%,100%,33%,93%,100%,100%,98%,96%,100%,97%,100%,100%,100%,100%
LYR,15.83,78.2,111.06,75.57,Longyearbyen,100%,100%,100%,98%,89%,99%,91%,100%,44%,74%,82%,68%,93%,99%,100%,97%,99%,100%,100%,96%
JAN,351.3,70.9,82.77,70.43,Jan Mayen,100%,100%,83%,99%,46%,48%,0%,0%,0%,0%,0%,0%,0%,0%,0%,0%,96%,99%,100%,100%
HOP,25.01,76.51,114.58,73.45,Hopen Island,80%,92%,99%,0%,0%,0%,0%,0%,27%,100%,100%,98%,97%,99%,98%,97%,99%,94%,100%,84%
BJN,19.2,74.5,107.7,71.81,Bear Island,97%,97%,83%,94%,62%,100%,100%,99%,94%,100%,100%,99%,98%,100%,100%,100%,99%,99%,100%,100%
SOR,22.22,70.54,105.99,67.72,Soeroeya,65%,49%,92%,100%,100%,89%,98%,98%,94%,100%,92%,100%,89%,96%,99%,100%,99%,100%,98%,99%
TRO,18.94,69.66,102.73,66.99,Tromso,100%,100%,100%,99%,99%,100%,100%,100%,100%,100%,100%,100%,98%,100%,100%,100%,100%,100%,100%,100%
AND,16.03,69.3,100.18,66.78,Andenes,100%,100%,86%,100%,100%,96%,96%,97%,29%,100%,94%,99%,98%,100%,99%,100%,99%,100%,90%,96%
JCK,16.98,66.4,98.89,63.74,Jaeckvik,0%,0%,0%,0%,0%,0%,0%,0%,0%,0%,29%,100%,94%,99%,98%,99%,99%,100%,92%,50%
DON,12.5,66.11,95.14,63.68,Doenna,0%,0%,0%,0%,0%,0%,0%,13%,64%,75%,100%,100%,93%,96%,98%,97%,100%,100%,100%,100%
RVK,10.99,64.94,93.22,62.54,Roervik,98%,100%,100%,92%,99%,95%,88%,100%,83%,99%,88%,100%,91%,99%,100%,98%,100%,100%,85%,100%
DOB,9.11,62.07,90.13,59.58,Dombas,98%,98%,100%,98%,99%,100%,100%,100%,100%,100%,100%,95%,98%,99%,100%,100%,100%,100%,100%,92%
SOL,4.84,61.08,86.2,58.77,Solund,0%,0%,0%,0%,0%,0%,0%,100%,99%,100%,100%,94%,95%,96%,0%,98%,98%,100%,100%,100%
KAR,5.24,59.21,85.64,56.66,Karmoey,0%,0%,0%,0%,100%,100%,96%,96%,93%,99%,96%,97%,98%,99%,97%,100%,100%,100%,94%,100%
HRN,15.6,77,108.73,74.45,Hornsund,100%,100%,100%,100%,99%,100%,99%,100%,100%,100%,100%,100%,100%,99%,99%,100%,100%,99%,100%,99%
ALT,22.96,69.86,106.03,67,Alta,0%,0%,0%,0%,0%,0%,0%,0%,0%,0%,0%,0%,0%,0%,0%,0%,0%,0%,0%,0%
KEV,27.01,69.76,109.16,66.73,Kevo,78%,93%,96%,96%,97%,100%,99%,100%,100%,92%,100%,75%,98%,100%,95%,100%,100%,99%,89%,97%
MAS,23.7,69.46,106.31,66.56,Masi,99%,93%,93%,89%,97%,93%,43%,75%,48%,92%,95%,78%,66%,81%,98%,100%,98%,85%,95%,98%
KIL,20.77,69.06,103.7,66.29,Kilpisjarvi,97%,98%,100%,100%,90%,94%,74%,99%,100%,90%,83%,85%,94%,96%,98%,100%,96%,91%,98%,97%
KAU,23.05,69.02,105.47,66.15,Kautokeino,0%,0%,0%,0%,0%,0%,0%,0%,0%,0%,0%,0%,0%,0%,0%,0%,0%,0%,0%,0%
IVA,27.29,68.56,108.55,65.51,Ivalo,0%,86%,100%,98%,82%,100%,77%,100%,96%,97%,100%,98%,93%,95%,99%,91%,96%,98%,100%,99%
ABK,18.82,68.35,101.65,65.66,Abisko,100%,100%,100%,100%,100%,100%,100%,100%,100%,100%,100%,100%,100%,100%,100%,100%,100%,100%,100%,100%
LEK,13.54,68.13,97.35,65.72,Leknes,100%,97%,99%,0%,0%,0%,0%,0%,0%,0%,0%,0%,0%,0%,0%,0%,0%,0%,0%,0%
MUO,23.53,68.02,105.17,65.11,Muonio,86%,78%,89%,76%,81%,100%,89%,95%,87%,100%,98%,87%,100%,98%,91%,0%,92%,99%,95%,99%
LOZ,35.02,67.97,114.52,64.69,Lovozero,89%,97%,99%,0%,0%,0%,0%,0%,0%,0%,0%,0%,94%,100%,100%,96%,100%,82%,100%,99%
KIR,20.42,67.84,102.56,65.06,Kiruna,100%,95%,50%,100%,98%,99%,100%,50%,98%,100%,99%,99%,100%,0%,0%,0%,0%,0%,0%,0%
SOD,26.63,67.37,107.26,64.33,Sodankyla,100%,100%,100%,100%,100%,100%,100%,100%,100%,100%,100%,100%,100%,100%,100%,99%,97%,100%,99%,100%
PEL,24.08,66.9,104.9,63.94,Pello,94%,96%,96%,87%,74%,95%,100%,83%,100%,84%,100%,100%,92%,100%,95%,94%,98%,97%,81%,95%
LYC,18.75,64.61,99.27,61.79,Lycksele,100%,75%,0%,0%,0%,0%,0%,0%,100%,100%,100%,100%,100%,100%,99%,100%,100%,100%,100%,99%
OUJ,27.23,64.52,106.2,61.39,Oulujarvi,100%,100%,96%,97%,92%,91%,99%,100%,99%,98%,96%,100%,100%,99%,99%,100%,89%,93%,95%,96%
HAN,26.6,62.25,104.64,59.05,Hankasalmi,99%,100%,99%,100%,100%,71%,86%,99%,92%,84%,81%,93%,92%,90%,92%,0%,88%,97%,100%,95%
NUR,24.65,60.5,102.27,57.25,Nurmijarvi,100%,100%,100%,100%,100%,99%,99%,100%,100%,100%,100%,100%,98%,100%,99%,100%,99%,98%,92%,89%
UPS,17.35,59.9,95.88,56.82,Uppsala,100%,100%,100%,100%,100%,100%,100%,100%,100%,100%,100%,100%,100%,100%,100%,100%,100%,100%,100%,100%
TAR,26.46,58.26,103.03,54.82,Tartu,0%,25%,100%,100%,100%,89%,98%,94%,100%,100%,84%,86%,99%,100%,98%,100%,100%,98%,94%,93%
BRW,203.38,71.32,-106.78,70.55,Barrow,100%,99%,99%,100%,100%,97%,96%,100%,100%,100%,100%,99%,100%,99%,100%,100%,100%,99%,97%,100%
KAV,216.35,70.14,-95.01,71.43,Kaktovik,36%,64%,85%,98%,52%,46%,73%,85%,63%,77%,51%,70%,64%,65%,40%,53%,0%,0%,0%,0%
KOT,197.4,66.88,-107.41,65.09,Kotzebue,0%,0%,0%,0%,0%,0%,0%,0%,0%,0%,0%,0%,0%,0%,0%,0%,0%,0%,0%,0%
ARC,214.44,68.12,-94.66,69.09,Arctic Village,27%,71%,98%,91%,90%,33%,83%,61%,17%,4%,0%,0%,0%,0%,0%,0%,0%,0%,0%,0%
INK,226.23,68.41,-84.02,71.51,Inuvik,0%,0%,0%,0%,0%,0%,18%,84%,86%,72%,95%,91%,89%,75%,65%,17%,79%,49%,30%,0%
BET,208.45,66.9,-98.69,66.83,Bettles,60%,32%,96%,100%,96%,85%,79%,82%,99%,53%,9%,25%,0%,0%,0%,0%,0%,0%,0%,0%
FYU,214.78,66.56,-93.05,67.58,Fort Yukon,60%,91%,89%,97%,89%,62%,54%,84%,93%,85%,41%,67%,96%,78%,35%,62%,11%,41%,92%,38%
EAG,218.84,64.78,-88.07,66.53,Eagle,77%,87%,89%,87%,93%,90%,72%,88%,97%,31%,67%,39%,0%,15%,100%,70%,0%,0%,0%,92%
CMO,212.14,64.87,-94.1,65.38,College,100%,99%,100%,100%,100%,99%,100%,98%,100%,100%,99%,100%,100%,100%,100%,99%,100%,100%,100%,97%
CGO,212.14,64.87,-94.1,65.38,College Intl Geophys Observatory,0%,0%,0%,0%,0%,0%,0%,0%,0%,0%,0%,0%,0%,0%,0%,0%,0%,0%,0%,0%
GAK,214.87,62.39,-90.14,63.34,Gakona,51%,66%,76%,73%,81%,77%,75%,49%,51%,71%,86%,30%,89%,40%,0%,0%,0%,9%,60%,0%
TLK,209.9,63.3,-95.01,63.36,Talkeetna,0%,0%,0%,0%,0%,0%,0%,0%,0%,0%,0%,0%,0%,0%,0%,0%,0%,0%,0%,0%
CPY,235.3,70.2,-76.35,74.86,Cape Perry,0%,0%,0%,0%,0%,0%,0%,0%,0%,0%,0%,0%,0%,0%,0%,0%,0%,0%,0%,0%
PKR,212.57,65.12,-93.9,65.72,Poker Flat,63%,75%,73%,88%,56%,62%,61%,37%,77%,58%,0%,81%,78%,56%,19%,71%,39%,50%,61%,39%
DIK,80.7,73.53,156.63,69.24,Dixon,98%,45%,0%,0%,1%,87%,21%,0%,0%,1%,64%,85%,95%,97%,95%,79%,74%,92%,63%,69%
CCS,104.28,77.72,176.45,72.67,Chelyuskin,81%,0%,30%,89%,88%,79%,88%,8%,0%,0%,0%,0%,0%,0%,0%,0%,0%,0%,0%,0%
TIK,128.92,71.59,-161.53,66.6,Tixie,65%,83%,88%,98%,99%,94%,90%,89%,85%,100%,43%,90%,99%,100%,87%,97%,96%,99%,99%,99%
CWE,190.17,66.17,-112.37,63.38,Wellen,0%,0%,0%,0%,0%,0%,0%,0%,0%,0%,0%,0%,0%,0%,0%,0%,0%,0%,0%,0%
ARK,40.5,64.6,117.58,61.2,Arkhangelsk,0%,0%,0%,0%,0%,0%,0%,0%,0%,0%,0%,0%,0%,0%,0%,0%,0%,0%,0%,0%
AAE,38.77,9.03,111.35,0.01,Addis Ababa,0%,82%,99%,99%,91%,96%,96%,98%,95%,98%,95%,100%,100%,93%,86%,47%,0%,0%,0%,0%
ABG,72.87,18.62,146.07,12.01,Alibag,96%,90%,85%,92%,95%,89%,93%,100%,99%,100%,100%,100%,100%,98%,71%,80%,91%,98%,94%,88%
AMS,77.57,-37.8,139.98,-48.93,Martin de Vivias,99%,100%,99%,98%,95%,100%,100%,100%,100%,100%,100%,100%,100%,98%,100%,95%,92%,100%,94%,90%
API,188.22,-13.8,-96.63,-15.52,Apia,84%,91%,92%,78%,89%,75%,88%,48%,55%,82%,83%,63%,89%,93%,99%,98%,99%,99%,98%,97%
ASP,133.88,-23.77,-152.08,-33.75,Alice Springs,100%,99%,100%,100%,99%,100%,99%,98%,97%,95%,94%,98%,100%,100%,100%,100%,100%,99%,100%,100%
BMT,116.2,40.3,-170.2,34.69,Beijing Ming Tombs,100%,99%,98%,100%,99%,100%,93%,100%,100%,98%,99%,99%,99%,100%,98%,98%,98%,97%,98%,99%
BNG,18.57,4.33,91.02,-9.37,Bangui,99%,96%,95%,84%,75%,58%,99%,97%,69%,74%,53%,38%,0%,0%,0%,0%,0%,0%,0%,0%
BSL,270.36,30.35,-18.13,40.78,Bay St Louis,99%,97%,100%,100%,100%,66%,0%,93%,99%,99%,100%,99%,100%,97%,100%,100%,99%,100%,99%,89%
CNB,150.7,-34.1,-131.25,-43.6,Canberra,100%,100%,100%,100%,100%,100%,100%,100%,100%,100%,100%,100%,100%,100%,100%,100%,100%,100%,100%,100%
CAN,149.36,-35.31,-132.48,-45.09,Canberra,0%,0%,0%,63%,39%,0%,0%,93%,95%,76%,4%,46%,99%,95%,20%,0%,0%,0%,0%,0%
CZT,51.87,-46.43,107.18,-53.23,Port Alfred,100%,100%,100%,99%,97%,100%,100%,100%,100%,100%,99%,100%,100%,100%,100%,95%,98%,91%,27%,67%
DLR,259.08,29.49,-32.39,38.47,Del Rio,99%,98%,99%,99%,97%,100%,100%,88%,0%,47%,0%,0%,0%,0%,0%,0%,0%,0%,0%,0%
DRV,140.01,-66.67,-123.2,-80.58,Dumont Durville,99%,99%,98%,89%,97%,96%,95%,99%,100%,98%,100%,100%,100%,100%,100%,98%,100%,99%,100%,89%
EYR,172.4,-43.4,-102.88,-49.93,Eyrewell,100%,100%,100%,100%,99%,100%,100%,100%,99%,100%,100%,100%,100%,100%,100%,98%,78%,0%,96%,99%
GNA,116,-31.8,-172.02,-43.66,Gnangara,95%,98%,99%,96%,96%,94%,97%,99%,100%,99%,100%,100%,100%,8%,0%,0%,0%,0%,0%,0%
GUA,144.87,13.59,-143.28,5.75,Guam,86%,99%,98%,99%,100%,100%,97%,99%,99%,100%,97%,100%,100%,99%,100%,100%,100%,98%,98%,99%
GUI,343.57,28.32,60.89,16.29,Guimar,90%,86%,95%,97%,98%,84%,93%,100%,100%,100%,100%,100%,85%,93%,69%,75%,97%,91%,72%,97%
HBK,27.71,-25.88,96.16,-35.59,Hartebeesthoek,99%,89%,79%,98%,84%,98%,93%,90%,82%,80%,98%,90%,99%,90%,100%,96%,94%,98%,98%,98%
HER,19.23,-34.43,83.86,-42.13,Hermanus,100%,100%,100%,100%,100%,100%,100%,100%,100%,100%,100%,92%,100%,100%,99%,100%,100%,100%,100%,100%
HLP,18.82,54.61,95.24,50.9,Hel,100%,100%,100%,100%,100%,100%,100%,100%,100%,100%,100%,100%,100%,90%,100%,98%,99%,100%,100%,100%
HON,202,21.32,-89.27,20.97,Honolulu,97%,98%,100%,99%,100%,97%,100%,98%,100%,100%,98%,96%,99%,100%,100%,100%,100%,96%,100%,99%
HRB,18.19,47.86,92.95,42.94,Hurbanovo,100%,100%,100%,100%,100%,100%,100%,100%,100%,100%,100%,100%,100%,99%,99%,100%,100%,99%,99%,100%
IQA,291.48,63.75,15.43,72.25,Iqaluit,100%,100%,100%,100%,100%,72%,98%,97%,95%,100%,86%,96%,99%,100%,100%,90%,93%,91%,98%,100%
IRT,104.45,52.17,178.27,47.73,Irkutsk,100%,100%,100%,98%,89%,100%,100%,100%,99%,100%,100%,100%,100%,100%,100%,100%,100%,99%,91%,100%
ISK,29.06,41.07,101.94,35.35,Kandilli,0%,72%,72%,90%,79%,87%,78%,55%,92%,87%,0%,0%,0%,0%,0%,0%,0%,0%,0%,0%
KAK,140.18,36.23,-147.23,29.16,Kakioka,100%,100%,100%,100%,100%,100%,100%,100%,100%,100%,100%,100%,100%,100%,100%,100%,100%,100%,100%,100%
KOU,307.27,5.21,24.29,8.79,Kourou,91%,82%,98%,99%,94%,96%,92%,94%,100%,100%,100%,100%,98%,98%,96%,100%,98%,100%,100%,97%
LNP,121.17,25,-166.08,18.18,Lunping,98%,98%,12%,0%,0%,0%,0%,0%,0%,0%,0%,0%,0%,0%,0%,0%,0%,0%,0%,0%
MBO,343.03,14.38,58.31,1.3,Mbour,100%,100%,100%,91%,100%,94%,100%,99%,98%,95%,99%,83%,98%,92%,100%,99%,100%,99%,58%,48%
MMB,144.19,43.91,-143.51,37.09,Memambetsu,100%,100%,100%,100%,100%,100%,100%,100%,100%,100%,100%,100%,100%,100%,100%,100%,100%,100%,100%,100%
NCK,16.72,47.63,91.6,42.63,Nagycenk,100%,100%,100%,100%,100%,100%,100%,100%,100%,100%,100%,100%,100%,96%,100%,92%,68%,97%,97%,98%
MZH,117.4,49.6,-168.69,44.49,Manzaoli,0%,0%,0%,0%,0%,0%,0%,0%,0%,0%,0%,0%,0%,0%,0%,0%,0%,0%,0%,0%
PAF,70.26,-49.35,123.39,-58.62,Port aux Francias,100%,99%,98%,100%,100%,100%,67%,99%,97%,100%,100%,99%,100%,100%,100%,93%,100%,100%,99%,23%
PHU,105.95,21.03,178.6,14.12,Phuthuy,96%,94%,99%,79%,98%,85%,96%,97%,99%,97%,60%,72%,71%,45%,63%,38%,53%,98%,48%,90%
PPT,210.42,-17.57,-73.87,-16.32,Pamatai,99%,88%,98%,99%,98%,100%,100%,95%,99%,97%,99%,100%,100%,100%,100%,92%,99%,99%,98%,92%
SBA,166.78,-77.85,-31.55,-79.93,Scott Base,99%,99%,97%,96%,99%,98%,99%,100%,99%,100%,100%,100%,100%,98%,97%,99%,99%,100%,98%,99%
SJG,293.85,18.11,11.64,26.89,San Juan,72%,98%,100%,96%,100%,99%,99%,99%,100%,99%,100%,100%,100%,99%,100%,100%,100%,0%,100%,99%
SPT,355.65,39.55,72.17,31.44,San Pablo Toledo,100%,100%,100%,100%,100%,100%,98%,100%,97%,96%,99%,100%,100%,100%,100%,100%,95%,100%,0%,76%
SUA,26.25,45.32,99.83,40.19,Surlari,96%,96%,99%,94%,90%,49%,48%,59%,98%,99%,96%,98%,99%,0%,100%,96%,99%,99%,99%,97%
TAM,5.53,22.79,78.84,9.18,Tamanrasset,98%,100%,100%,99%,98%,64%,100%,98%,98%,96%,89%,99%,0%,100%,100%,100%,100%,98%,98%,96%
TAN,47.55,-18.92,117.63,-28.44,Antananarivo,97%,94%,89%,86%,87%,90%,27%,72%,14%,0%,0%,0%,0%,0%,0%,0%,0%,0%,0%,0%
TUC,249.27,32.17,-44.18,39.4,Tucson,97%,98%,97%,99%,96%,98%,94%,96%,98%,99%,100%,97%,100%,100%,98%,90%,99%,99%,100%,97%
VSS,316.35,-22.4,23.61,-18.46,Vassouras,90%,94%,80%,98%,99%,100%,97%,97%,95%,74%,98%,98%,62%,97%,99%,90%,89%,99%,96%,91%
KIV,30.3,50.72,104.53,46.54,Kiev,0%,0%,0%,0%,0%,0%,0%,0%,0%,100%,100%,100%,97%,94%,99%,65%,80%,92%,100%,79%
LNN,30.7,59.95,107.29,56.55,Leningrad,0%,0%,0%,0%,0%,0%,0%,0%,0%,0%,0%,0%,0%,0%,0%,0%,0%,0%,0%,0%
NKK,62.12,45.77,135.16,41.71,Novokazalinsk,0%,0%,0%,0%,0%,0%,0%,0%,0%,0%,0%,0%,0%,0%,0%,0%,0%,0%,0%,0%
MNK,26.52,54.1,101.86,50.27,Minsk,0%,0%,0%,0%,0%,0%,0%,0%,0%,0%,0%,0%,0%,0%,0%,0%,0%,0%,0%,0%
ODE,30.88,46.22,104.32,41.46,Odessa,0%,0%,0%,0%,0%,0%,0%,0%,0%,0%,0%,0%,17%,76%,0%,0%,0%,0%,0%,0%
TUL,264.22,35.92,-26.33,45.73,Tulsa,0%,0%,0%,0%,0%,0%,0%,0%,0%,0%,0%,0%,0%,0%,0%,0%,0%,0%,0%,0%
ASH,58.1,37.95,131.03,33.38,Ashkabad,0%,0%,0%,0%,0%,0%,0%,0%,0%,0%,0%,0%,0%,0%,0%,0%,0%,0%,0%,0%
TOL,355.95,39.88,72.47,31.92,Toledo,0%,0%,0%,0%,0%,0%,0%,0%,0%,0%,0%,0%,0%,0%,0%,0%,0%,0%,0%,0%
NVS,82.9,55.03,156.39,51.19,Novosibirsk,0%,0%,0%,48%,98%,99%,100%,100%,100%,100%,100%,100%,100%,100%,100%,100%,99%,100%,100%,100%
KGD,73.08,49.82,146.28,45.87,Karaganda,0%,0%,0%,0%,0%,0%,0%,0%,0%,0%,0%,0%,0%,0%,0%,0%,0%,0%,0%,0%
AAA,76.92,43.25,150.07,38.8,Alma Ata,0%,0%,0%,0%,0%,98%,98%,94%,93%,91%,97%,94%,93%,94%,96%,72%,96%,95%,98%,99%
TKT,69.62,41.33,142.72,36.89,Tashkent,0%,0%,0%,0%,0%,0%,0%,0%,0%,0%,0%,0%,0%,0%,0%,0%,0%,0%,0%,0%
LVV,23.75,49.9,98.38,45.48,Lvov,0%,0%,0%,99%,100%,100%,99%,96%,97%,100%,100%,99%,94%,97%,95%,83%,52%,66%,90%,98%
RSV,12.45,55.85,90.23,52.48,Rude Skov,0%,0%,0%,0%,0%,0%,0%,0%,0%,0%,0%,0%,0%,0%,0%,0%,0%,0%,0%,0%
MOS,37.32,55.48,112,51.79,Moscow,0%,0%,0%,0%,0%,0%,0%,0%,0%,99%,99%,98%,100%,99%,99%,98%,100%,0%,0%,0%
YSS,142.72,46.95,-144.86,40.37,Yuzhno Sakhalinsk,0%,0%,0%,0%,0%,0%,0%,0%,0%,0%,0%,0%,0%,0%,0%,0%,0%,0%,0%,0%
HIS,58.05,80.62,143.68,76.01,Heiss Island,0%,0%,0%,0%,0%,0%,0%,0%,0%,0%,0%,0%,0%,0%,0%,0%,0%,0%,0%,0%
ZGN,123.26,66.75,-164.74,61.91,Zhigansk,0%,0%,0%,0%,0%,0%,0%,0%,0%,0%,0%,19%,50%,0%,0%,0%,0%,0%,0%,0%
YAK,129.72,60.02,-157.58,54.8,Yakutsk,0%,0%,0%,0%,0%,0%,0%,0%,0%,98%,0%,100%,98%,98%,95%,95%,18%,69%,49%,67%
PPI,131.73,42.98,-154.89,36.68,Popov Island,49%,28%,0%,86%,80%,84%,49%,94%,93%,13%,0%,0%,0%,0%,0%,0%,0%,0%,0%,0%
BJI,116.18,40.06,-170.23,34.44,Beijing,0%,0%,0%,0%,0%,0%,0%,0%,0%,0%,0%,0%,0%,0%,0%,0%,0%,0%,0%,0%
BOX,38.97,58.03,114.11,54.48,Barok,0%,0%,0%,0%,71%,100%,100%,99%,100%,100%,99%,100%,100%,95%,94%,92%,99%,86%,99%,98%
MUT,121.02,14.37,-166.63,6.97,Muntinlupa,99%,92%,85%,82%,88%,62%,81%,94%,0%,29%,58%,99%,86%,66%,74%,95%,25%,0%,0%,0%
PTN,109.25,-0.05,-178.26,-8.46,Pontianak,0%,0%,0%,0%,0%,0%,0%,0%,0%,0%,0%,0%,74%,84%,8%,0%,0%,0%,0%,0%
WTK,112.63,-7.56,-174.84,-16.49,Watukosek,0%,0%,0%,0%,0%,0%,0%,0%,0%,0%,0%,0%,0%,0%,0%,0%,0%,0%,0%,0%
LRM,115,-21,-172.51,-31.47,Learmonth,96%,98%,100%,97%,98%,100%,99%,99%,100%,96%,100%,99%,97%,99%,100%,100%,100%,100%,100%,100%
KAT,117.62,-33.68,-170.27,-45.72,Katanning,0%,0%,0%,98%,93%,32%,0%,0%,0%,0%,0%,0%,0%,0%,0%,0%,0%,0%,0%,0%
KTN,137.71,75.94,-157.36,70.88,Kotelnyy,22%,0%,0%,47%,68%,32%,48%,56%,11%,0%,0%,11%,31%,34%,0%,76%,25%,0%,0%,0%
CHD,147.89,70.62,-146.08,65.57,Chokurdakh,80%,94%,61%,0%,65%,0%,0%,0%,0%,52%,0%,21%,86%,34%,49%,42%,0%,0%,0%,0%
ZYK,150.78,65.75,-141.43,60.44,Zyryanka,63%,68%,46%,0%,80%,95%,57%,0%,0%,0%,0%,0%,0%,0%,0%,0%,0%,0%,0%,0%
MGD,150.86,59.97,-139.51,54.22,Magadan,69%,59%,49%,85%,90%,89%,74%,33%,33%,24%,76%,92%,94%,97%,97%,99%,99%,100%,100%,100%
MSR,142.27,44.37,-145.22,37.64,Moshiri,96%,99%,100%,94%,97%,99%,97%,99%,87%,66%,29%,77%,81%,73%,58%,77%,54%,68%,99%,90%
ONW,141.47,38.43,-145.99,31.42,Onagawa,84%,83%,90%,84%,90%,75%,94%,65%,88%,72%,94%,72%,96%,78%,56%,0%,0%,0%,0%,0%
KAG,130.72,31.48,-156.35,24.61,Kagoshima,98%,100%,99%,98%,98%,86%,99%,59%,0%,65%,45%,100%,88%,70%,67%,49%,88%,68%,61%,95%
YMK,130.62,31.19,-156.46,24.31,Yamakawa,0%,0%,0%,0%,0%,0%,0%,0%,0%,0%,0%,0%,0%,0%,0%,0%,0%,0%,0%,0%
CBI,142.3,27.15,-145.59,19.66,Chichijima,85%,100%,97%,99%,100%,100%,0%,0%,100%,94%,99%,100%,0%,0%,0%,0%,0%,0%,0%,0%
YAP,138.5,9.3,-149.43,1.32,Yap,25%,0%,0%,0%,0%,0%,42%,68%,89%,89%,89%,79%,40%,90%,26%,39%,0%,0%,0%,0%
KOR,134.5,7.33,-153.37,-0.64,Koror,0%,0%,0%,0%,0%,0%,0%,0%,0%,0%,0%,0%,0%,0%,0%,0%,0%,0%,0%,0%
BIK,136.05,-1.08,-151.54,-9.33,Biak,81%,96%,80%,49%,96%,18%,0%,0%,0%,0%,0%,0%,11%,21%,0%,0%,0%,0%,0%,0%
WEW,143.62,-3.55,-143.57,-11.71,Wewak,0%,0%,0%,66%,65%,44%,0%,0%,0%,0%,0%,0%,0%,0%,0%,0%,0%,0%,0%,0%
DRW,130.9,-12.4,-156.18,-21.36,Darwin,33%,99%,66%,71%,80%,98%,100%,94%,66%,98%,95%,90%,99%,99%,99%,99%,60%,0%,0%,0%
WEP,141.88,-12.68,-144.56,-21.34,Weipa,0%,0%,0%,68%,34%,71%,13%,0%,0%,0%,0%,0%,0%,0%,0%,0%,0%,0%,0%,0%
BSV,139.21,-25.54,-145.98,-35.38,Birdsville,0%,0%,0%,39%,20%,0%,24%,36%,56%,4%,0%,0%,0%,0%,0%,0%,0%,0%,0%,0%
DAL,151.2,-27.18,-132.27,-36.07,Dalby,0%,0%,0%,24%,60%,36%,0%,0%,0%,0%,0%,0%,0%,0%,0%,0%,0%,0%,0%,0%
ADL,138.65,-34.67,-145.23,-45.51,Adelaide,0%,0%,0%,63%,64%,31%,0%,0%,0%,0%,0%,0%,0%,0%,0%,0%,0%,0%,0%,0%
CPS,180.55,68.88,-121.2,65.26,Cape Schmidt,6%,0%,0%,0%,0%,0%,0%,0%,0%,0%,0%,0%,0%,0%,0%,0%,0%,0%,0%,0%
EWA,202,21.32,-89.27,20.97,Ewa Beach,100%,90%,99%,98%,83%,100%,99%,96%,98%,98%,100%,100%,0%,66%,22%,0%,0%,0%,0%,0%
ASA,170.7,-14.28,-113.98,-19.07,American Samoa,0%,0%,0%,0%,0%,0%,0%,0%,0%,0%,0%,0%,0%,0%,0%,0%,0%,0%,0%,0%
MCQ,158.95,-54.5,-111.09,-64.39,Macquarie Island,100%,100%,100%,100%,96%,98%,100%,100%,100%,100%,100%,100%,100%,99%,100%,100%,100%,100%,100%,100%
CKA,73.6,68.5,148.91,64.67,Cape Kamenniy,0%,0%,0%,0%,0%,0%,0%,0%,0%,0%,0%,0%,0%,0%,0%,0%,0%,0%,0%,0%
AMD,61.21,69.6,137.97,65.85,Amderma,0%,0%,0%,0%,0%,0%,41%,78%,35%,12%,39%,41%,85%,88%,58%,68%,88%,90%,0%,84%
LOP,33.08,68.25,113.08,65.02,Lop,0%,0%,0%,0%,0%,0%,0%,0%,0%,0%,0%,0%,0%,0%,0%,0%,0%,0%,0%,0%
MBC,240.64,76.32,-81.93,81.09,Mould Bay,0%,0%,0%,0%,0%,0%,0%,0%,0%,0%,0%,0%,0%,0%,0%,0%,0%,0%,0%,0%
VIZ,76.54,79.3,155.6,74.45,Vieze Island,100%,97%,0%,0%,0%,0%,0%,46%,0%,0%,0%,0%,0%,0%,34%,95%,98%,88%,78%,99%
PBK,170.9,70.08,-128.94,65.81,Pebek,69%,62%,96%,56%,67%,46%,0%,41%,2%,0%,83%,94%,96%,99%,94%,98%,95%,50%,17%,91%
PGC,294.2,66.1,20.43,74.13,Pangnirtung,14%,16%,98%,25%,27%,96%,68%,50%,20%,14%,29%,81%,58%,31%,90%,78%,22%,36%,85%,28%
CY0,291.4,70.5,18.75,78.55,Clyde River,37%,85%,76%,0%,0%,0%,0%,0%,41%,0%,31%,27%,53%,13%,0%,17%,17%,37%,19%,0%
CDC,283.4,64.2,2.83,73.51,Cape Dorset,8%,14%,11%,25%,38%,42%,28%,51%,79%,61%,90%,37%,24%,84%,85%,67%,58%,88%,86%,22%
CHC,276,64.35,-9.71,74.01,Coral Harbour,34%,27%,70%,0%,0%,0%,0%,0%,0%,0%,0%,0%,34%,48%,0%,0%,0%,0%,44%,28%
GHC,264.15,68.63,-32.06,77.56,Gjoa Haven,95%,10%,81%,0%,0%,0%,0%,0%,0%,36%,47%,77%,85%,93%,80%,85%,70%,65%,0%,0%
IGC,278.2,69.3,-5.67,78.47,Igloolik,0%,65%,82%,0%,0%,0%,0%,0%,17%,0%,0%,89%,88%,41%,72%,83%,0%,57%,65%,27%
PBC,270.3,68.5,-20.62,77.76,Pelly Bay,0%,0%,0%,0%,0%,0%,0%,0%,0%,0%,0%,0%,0%,0%,0%,0%,0%,0%,0%,0%
RPB,273.77,66.52,-13.8,76.02,Repulse Bay,61%,22%,75%,0%,0%,0%,0%,0%,64%,12%,0%,95%,33%,65%,84%,88%,37%,43%,65%,28%
NAN,298.3,56.4,22.69,63.97,Nain,0%,23%,53%,0%,0%,0%,0%,39%,80%,70%,90%,67%,56%,0%,0%,57%,57%,41%,41%,25%
AIA,295.74,-65.25,9.6,-50.87,Faraday Islands,0%,0%,94%,100%,100%,100%,100%,100%,100%,98%,100%,100%,0%,44%,96%,79%,51%,94%,93%,97%
ASC,345.62,-7.95,56.8,-16.44,Ascension Island,99%,0%,0%,98%,100%,95%,100%,99%,100%,100%,100%,100%,100%,100%,99%,100%,99%,100%,100%,100%
VOS,106.87,-78.45,54.52,-83.54,Vostok,0%,0%,0%,0%,0%,0%,0%,0%,0%,0%,0%,0%,0%,59%,91%,92%,100%,96%,90%,95%
CSY,110.53,-66.28,157.91,-80.9,Casey,99%,93%,97%,100%,100%,99%,100%,100%,36%,97%,100%,99%,91%,99%,100%,100%,100%,99%,96%,100%
CTA,146.3,-20.1,-138.89,-28.95,Charters Towers,92%,97%,100%,100%,99%,98%,98%,99%,100%,95%,98%,98%,100%,100%,99%,98%,99%,98%,100%,66%
DVS,77.97,-68.58,100.68,-74.91,Davis,99%,0%,0%,0%,0%,0%,0%,74%,94%,100%,27%,56%,0%,0%,0%,0%,0%,0%,0%,0%
GLN,262.88,49.65,-29.21,59.36,Glenlea,0%,0%,33%,99%,100%,91%,26%,0%,0%,0%,0%,0%,0%,0%,0%,0%,0%,0%,0%,0%
HTY,139.8,33.12,-147.69,25.93,Hatizyo,100%,100%,100%,100%,100%,100%,0%,0%,0%,0%,0%,0%,0%,0%,0%,0%,0%,0%,0%,0%
KDU,132.47,-12.69,-154.53,-21.65,Kakadu,92%,92%,88%,98%,100%,100%,100%,95%,100%,99%,99%,98%,100%,100%,100%,100%,96%,100%,100%,100%
KNY,130.88,31.42,-156.2,24.54,Kanoya,100%,100%,100%,100%,100%,100%,100%,100%,100%,100%,100%,100%,100%,100%,100%,100%,100%,100%,100%,100%
MAW,62.88,-67.61,90.62,-70.6,Mawson,99%,100%,99%,98%,99%,99%,100%,100%,100%,100%,100%,99%,100%,100%,99%,100%,100%,100%,100%,100%
MIR,93.02,-66.55,124.06,-77.51,Mirny,0%,0%,0%,0%,0%,0%,0%,0%,0%,0%,0%,0%,0%,0%,0%,0%,0%,0%,0%,0%
PST,302.11,-51.7,10.95,-38.85,Port Stanley,100%,0%,0%,85%,39%,31%,100%,75%,98%,100%,100%,100%,100%,100%,100%,99%,100%,99%,97%,100%
TSU,17.7,-19.22,87.91,-30.52,Tsumeb,92%,95%,90%,89%,79%,71%,72%,99%,66%,5%,75%,79%,82%,79%,97%,99%,94%,93%,82%,99%
HUA,284.67,-12.05,-2.91,1,Huancayo,100%,100%,100%,100%,100%,100%,100%,100%,100%,100%,100%,100%,100%,100%,100%,97%,86%,97%,65%,96%
LIV,299.61,-62.66,11.19,-48.62,Livingston Island,67%,76%,99%,74%,60%,81%,100%,81%,100%,45%,97%,100%,100%,0%,0%,0%,0%,0%,0%,0%
TRW,294.68,-43.25,5.28,-29.97,Trelew,80%,99%,88%,95%,92%,95%,99%,98%,98%,98%,98%,92%,93%,96%,94%,50%,28%,45%,18%,0%
AQU,13.32,42.38,87.6,35.83,LAquila,56%,100%,100%,100%,100%,100%,100%,100%,100%,100%,92%,91%,49%,26%,0%,0%,0%,0%,0%,0%
MID,182.62,28.21,-109.02,24.37,Midway,88%,58%,16%,0%,0%,0%,0%,0%,0%,0%,0%,0%,0%,0%,0%,0%,0%,0%,0%,0%
LMM,32.58,-25.92,100.95,-35.51,Maputo,30%,66%,0%,37%,0%,0%,0%,0%,0%,0%,0%,0%,0%,0%,0%,0%,0%,0%,0%,0%
LZH,103.85,36.09,177.08,30.56,Lanzhou,0%,68%,99%,100%,98%,99%,100%,48%,97%,98%,100%,98%,100%,100%,16%,100%,99%,99%,99%,0%
QSB,35.64,33.87,107.93,27.58,Qsaybeh,53%,81%,94%,97%,97%,96%,68%,88%,0%,0%,0%,0%,0%,0%,0%,0%,0%,0%,0%,0%
TND,124.95,1.29,-162.78,-6.74,Tondano,0%,64%,97%,100%,0%,65%,90%,0%,0%,0%,0%,0%,0%,0%,0%,0%,0%,0%,0%,0%
EBR,0.49,40.82,76.35,33.24,Ebro,0%,0%,100%,99%,100%,100%,100%,100%,100%,100%,100%,100%,100%,100%,100%,100%,99%,100%,99%,97%
TEO,260.82,19.75,-29.57,28.83,Teoloyucan,0%,0%,39%,95%,98%,96%,96%,92%,95%,82%,33%,0%,0%,0%,0%,55%,87%,92%,29%,0%
LEM,147.5,-42.3,-132.61,-53.01,Lemont,0%,0%,0%,100%,90%,100%,100%,100%,84%,98%,16%,0%,0%,0%,0%,0%,0%,0%,0%,0%
RIK,143.76,43.48,-143.89,36.65,Rikubetsu,0%,0%,0%,100%,100%,100%,99%,96%,100%,63%,5%,0%,48%,99%,100%,96%,68%,96%,72%,79%
CLK,285,44.7,3.03,54.33,Clarkson,53%,99%,15%,53%,0%,0%,0%,0%,0%,0%,0%,0%,0%,0%,0%,0%,0%,0%,0%,0%
APL,283.12,39.17,-0.09,49.09,Applied Physics Lab,33%,66%,11%,0%,0%,0%,0%,0%,0%,0%,0%,0%,0%,0%,0%,0%,0%,0%,0%,0%
DSO,278.6,36.25,-6.62,46.61,Darsky,32%,36%,0%,18%,51%,0%,0%,0%,0%,0%,0%,0%,0%,0%,0%,0%,0%,0%,0%,0%
USC,278.54,33.34,-6.92,43.79,U of South Carolina,0%,6%,0%,0%,0%,0%,0%,0%,0%,0%,0%,0%,0%,0%,0%,0%,0%,0%,0%,0%
JAX,278.4,30.35,-7.34,40.92,Jacksonville,87%,59%,17%,19%,0%,0%,0%,0%,0%,0%,0%,0%,0%,0%,0%,0%,0%,0%,0%,0%
FIT,279.05,28.07,-6.65,38.71,Bullcreek,46%,53%,0%,35%,18%,0%,0%,0%,0%,0%,0%,0%,0%,0%,0%,0%,0%,0%,0%,0%
GTF,288.05,43.62,7.14,52.83,Grafton,66%,17%,17%,10%,0%,0%,0%,0%,0%,0%,0%,0%,0%,0%,0%,0%,0%,0%,0%,0%
MSH,288.52,42.6,7.67,51.73,Millstone Hill,61%,99%,0%,0%,0%,0%,0%,0%,0%,0%,0%,0%,0%,0%,0%,0%,0%,0%,0%,0%
FAR,352.98,62.05,77.26,60.86,Faroes,99%,95%,94%,0%,0%,0%,0%,0%,0%,0%,0%,0%,0%,0%,0%,0%,0%,0%,0%,0%
BOR,38.33,58.03,113.53,54.48,Borok,98%,100%,100%,0%,0%,0%,0%,0%,0%,0%,0%,0%,88%,54%,95%,0%,0%,0%,0%,0%
CRK,357.36,57.09,78.36,54.8,Crooktree,0%,0%,62%,0%,0%,0%,0%,0%,0%,0%,0%,0%,0%,0%,0%,0%,0%,0%,0%,0%
GML,356.32,57.16,77.56,54.97,Gleenmore Lodge,94%,91%,37%,0%,0%,0%,0%,0%,0%,0%,0%,0%,0%,0%,0%,0%,0%,0%,0%,0%
HLL,339.44,63.77,67.37,64.39,Hella,100%,96%,98%,0%,0%,0%,0%,0%,0%,0%,0%,0%,0%,0%,0%,0%,0%,0%,0%,0%
KVI,17.63,59.5,95.95,56.38,Kvistaberg,96%,94%,99%,0%,0%,0%,0%,0%,0%,0%,0%,0%,0%,0%,0%,0%,0%,0%,0%,0%
LAN,357.23,54.01,77.06,51.1,Lancaster,0%,0%,0%,0%,0%,0%,0%,0%,0%,0%,0%,0%,53%,0%,0%,0%,0%,0%,0%,0%
S01,13.36,64.37,94.78,61.8,Nordli,97%,83%,99%,0%,0%,0%,0%,0%,0%,0%,0%,0%,0%,0%,0%,0%,0%,0%,0%,0%
OUL,25.85,65.1,105.35,62.03,Oulu,81%,81%,99%,0%,0%,0%,0%,0%,0%,0%,0%,0%,0%,0%,0%,0%,0%,0%,0%,0%
YOR,358.95,53.95,78.43,50.9,York,98%,99%,97%,0%,0%,0%,0%,0%,0%,0%,0%,0%,0%,0%,0%,0%,0%,0%,0%,0%
PUT,290.5,-18.33,2.1,-5.32,Putre,0%,0%,0%,49%,87%,55%,30%,78%,74%,0%,0%,0%,0%,0%,0%,0%,0%,0%,0%,0%
ANT,289.76,-23.39,1.23,-10.02,Antofagasta,0%,0%,0%,27%,98%,71%,0%,0%,41%,23%,0%,0%,0%,0%,0%,0%,0%,0%,0%,0%
SER,288.87,-30,0.54,-16.38,La Serena,0%,0%,0%,45%,26%,3%,0%,0%,95%,100%,0%,0%,0%,0%,56%,0%,0%,0%,0%,0%
CER,289.4,-33.45,1.05,-19.83,Los Cerrillos,0%,0%,0%,61%,97%,100%,100%,100%,83%,31%,56%,53%,57%,0%,0%,0%,0%,0%,0%,0%
VLD,286.86,-39.48,-0.25,-25.67,Valdivia,0%,0%,40%,98%,100%,50%,0%,0%,0%,0%,0%,0%,0%,0%,0%,0%,0%,0%,0%,0%
OSO,286.91,-40.34,-0.13,-26.52,Osorno,0%,0%,69%,100%,99%,98%,23%,0%,10%,94%,96%,97%,83%,19%,15%,0%,0%,0%,0%,0%
PNT,289.1,-53.2,3.14,-39.14,Puerto Natales,0%,0%,0%,51%,95%,87%,40%,0%,0%,0%,0%,0%,0%,0%,0%,0%,0%,0%,0%,0%
ESC,301.08,-62.18,11.95,-48.27,Escudero,0%,0%,0%,0%,84%,88%,42%,86%,13%,92%,74%,67%,0%,16%,0%,0%,0%,0%,0%,0%
OHI,302.1,-63.32,12.75,-49.38,OHiggins,0%,0%,0%,0%,31%,51%,54%,53%,70%,0%,12%,77%,0%,0%,11%,0%,0%,0%,0%,0%
PAC,289.91,-40.34,1.88,-26.67,Punta Arenas,0%,0%,60%,94%,87%,90%,95%,38%,0%,0%,0%,85%,80%,64%,0%,0%,0%,0%,0%,0%
ENP,289.1,-52.13,2.95,-38.1,San Gregorio,0%,0%,53%,30%,0%,0%,0%,0%,0%,0%,0%,0%,0%,0%,0%,0%,0%,0%,0%,0%
FSJ,238.15,56.25,-63.3,61.83,Fort St. John,0%,0%,0%,0%,0%,0%,0%,88%,76%,94%,92%,93%,96%,31%,0%,0%,0%,0%,0%,0%
EDM,246.7,53.3,-51.91,60.54,Edmonton,0%,0%,0%,0%,5%,81%,30%,44%,0%,0%,0%,0%,0%,0%,0%,0%,0%,0%,0%,0%
FVE,243.98,58.37,-57.16,65.11,Fort Vermilion,0%,0%,0%,0%,0%,0%,0%,0%,0%,0%,0%,0%,0%,0%,0%,0%,0%,0%,0%,0%
LET,247.13,49.64,-50.34,56.91,Lethbridge,0%,0%,0%,0%,0%,26%,57%,90%,97%,98%,92%,95%,98%,70%,84%,65%,97%,96%,52%,0%
RED,246.16,52.14,-52.24,59.26,Red Deer,0%,0%,0%,0%,0%,25%,99%,74%,81%,41%,95%,49%,80%,98%,88%,99%,66%,0%,0%,0%
ROT,245.87,51.07,-52.29,58.12,Rothney,0%,0%,0%,0%,0%,14%,49%,61%,19%,0%,0%,0%,0%,0%,0%,0%,0%,0%,0%,0%
SAS,253.6,52.8,-42.76,61.25,Saskatoon,0%,0%,0%,0%,0%,0%,0%,0%,0%,0%,0%,0%,0%,0%,0%,0%,0%,0%,0%,0%
VLO,282.24,48.19,-0.6,58.1,Val-dOr,0%,0%,0%,0%,0%,15%,75%,58%,0%,81%,0%,0%,0%,0%,0%,0%,0%,0%,0%,0%
MCM,166.67,-77.85,-31.55,-79.95,McMurdo Station,98%,99%,98%,98%,100%,100%,92%,98%,6%,0%,0%,0%,0%,0%,0%,0%,0%,0%,0%,0%
SPA,0,-90,19.43,-74.17,South Pole Station,99%,98%,93%,74%,99%,81%,83%,100%,7%,0%,0%,0%,0%,0%,0%,0%,0%,0%,0%,0%
ELT,34.95,29.67,107.11,22.63,Eilat,0%,0%,0%,100%,87%,56%,51%,98%,0%,100%,100%,100%,0%,0%,0%,0%,0%,0%,0%,0%
GZH,113.34,23.09,-173.97,16.33,Guangzhou,0%,0%,0%,100%,100%,100%,98%,93%,98%,98%,74%,89%,83%,74%,44%,0%,0%,0%,0%,0%
MLT,30.89,29.52,103.01,21.86,Misallat,0%,0%,0%,99%,0%,0%,0%,0%,0%,0%,0%,0%,0%,0%,0%,0%,0%,0%,0%,0%
PAL,295.95,-64.77,9.6,-50.42,Palmer,0%,0%,0%,0%,0%,58%,81%,82%,61%,95%,94%,97%,48%,97%,47%,0%,0%,0%,0%,0%
NOK,88.1,69.4,162.59,65.31,NOK,0%,0%,73%,86%,0%,0%,99%,90%,18%,1%,0%,0%,0%,0%,0%,0%,0%,0%,0%,0%
HLM,210.13,61.24,-93.65,61.26,HLMS,0%,0%,0%,0%,0%,85%,77%,97%,92%,3%,0%,0%,0%,0%,0%,0%,0%,0%,0%,0%
HOM,209.53,59.7,-93.38,59.54,Homer,0%,0%,0%,0%,11%,88%,56%,90%,66%,47%,0%,0%,0%,0%,0%,0%,0%,0%,0%,0%
TRP,150.24,62.67,-140.76,57.13,Trapper,0%,0%,0%,0%,9%,29%,75%,55%,28%,0%,0%,0%,0%,0%,0%,0%,0%,0%,0%,0%
BGY,35.09,31.72,107.3,25.03,Bar Gyora,0%,0%,0%,0%,98%,100%,97%,92%,97%,96%,98%,93%,0%,0%,0%,0%,0%,0%,0%,0%
ESA,141.36,39.24,-146.08,32.27,Esashi,0%,0%,0%,0%,0%,100%,92%,100%,100%,100%,100%,99%,0%,0%,0%,0%,0%,0%,0%,0%
GCK,20.77,44.63,94.66,39.08,Grocka,0%,0%,0%,0%,0%,98%,91%,100%,93%,94%,97%,94%,100%,61%,84%,64%,69%,96%,93%,98%
KNZ,48.85,55.83,122.87,52.21,Zaymishche,0%,0%,0%,0%,0%,100%,100%,100%,100%,100%,100%,100%,100%,0%,0%,0%,0%,0%,0%,0%
MIZ,141.2,39.11,-146.22,32.14,Mizusawa,0%,0%,0%,0%,0%,100%,100%,100%,100%,99%,99%,87%,99%,0%,0%,0%,0%,0%,0%,0%
SFS,354.06,36.67,70.43,27.26,San Fernando,0%,0%,0%,0%,0%,100%,99%,97%,98%,99%,99%,99%,99%,95%,89%,99%,99%,98%,99%,98%
SHU,199.54,55.35,-99.97,53.22,Shumagin,0%,0%,0%,0%,0%,99%,99%,99%,96%,100%,100%,96%,100%,100%,100%,92%,100%,99%,99%,99%
BFO,8.33,48.33,84.5,43.45,Black Forest,0%,0%,0%,0%,0%,0%,100%,99%,99%,96%,95%,93%,97%,7%,0%,0%,49%,80%,95%,96%
MSK,34.52,52.69,108.83,48.78,MSK,0%,0%,0%,0%,0%,0%,0%,0%,0%,0%,0%,0%,0%,0%,0%,0%,0%,0%,0%,0%
B11,336.58,-77.51,30.58,-63.88,m78-337,0%,4%,94%,96%,100%,100%,11%,93%,40%,94%,100%,100%,100%,94%,0%,0%,0%,0%,0%,0%
B12,335.88,-79.08,29.56,-65.07,m79-336,0%,5%,93%,96%,100%,87%,10%,95%,100%,100%,100%,100%,100%,94%,0%,0%,0%,0%,0%,0%
B14,337.74,-80.89,29.24,-66.64,m81-338,0%,0%,96%,93%,0%,99%,8%,95%,4%,93%,100%,100%,100%,95%,0%,0%,0%,0%,0%,0%
B15,2.97,-81.49,36.99,-68.88,m82-003,0%,4%,68%,94%,100%,100%,4%,94%,83%,7%,0%,0%,0%,0%,0%,0%,0%,0%,0%,0%
B17,347.76,-82.9,30.69,-68.79,m83-348,0%,5%,100%,100%,100%,4%,0%,0%,0%,0%,0%,0%,0%,0%,0%,0%,0%,0%,0%,0%
B18,336.14,-84.35,26.21,-69.4,m84-336,0%,0%,96%,98%,100%,100%,100%,98%,0%,0%,100%,100%,100%,97%,0%,0%,0%,0%,0%,0%
B19,2.06,-85.36,30.31,-71.35,m85-002,0%,4%,23%,96%,98%,98%,4%,80%,38%,93%,28%,0%,8%,0%,0%,0%,0%,0%,0%,0%
B20,95.98,-85.36,30.31,-77.77,m85-096,0%,0%,94%,100%,92%,97%,3%,100%,37%,2%,2%,100%,96%,0%,0%,0%,0%,0%,0%,0%
B21,28.41,-87,29.25,-73.51,m87-028,0%,0%,95%,100%,100%,21%,4%,100%,23%,0%,92%,100%,100%,96%,0%,0%,0%,0%,0%,0%
B22,68.17,-86.51,30.92,-75.61,m87-069,0%,0%,94%,100%,100%,98%,3%,58%,100%,32%,100%,100%,77%,96%,0%,0%,0%,0%,0%,0%
B23,316.13,-88.03,20.28,-72.31,m88-316,0%,0%,43%,95%,99%,0%,5%,64%,100%,100%,100%,100%,96%,0%,0%,0%,0%,0%,0%,0%
B03,291.88,-67.57,8.14,-53.02,m67-292,0%,0%,79%,79%,1%,0%,0%,85%,96%,0%,82%,92%,99%,98%,0%,0%,0%,0%,0%,0%
M01,263.55,46.87,-27.97,56.65,Glyndon,0%,0%,0%,0%,22%,69%,0%,99%,93%,91%,65%,42%,84%,52%,16%,47%,16%,49%,57%,0%
M02,266.75,45.56,-23.31,55.63,Cambridge,0%,0%,0%,0%,0%,0%,0%,0%,0%,0%,0%,0%,0%,0%,0%,0%,0%,0%,0%,0%
M03,264.4,43.6,-26.52,53.46,Worthington,0%,0%,0%,0%,0%,0%,0%,0%,30%,0%,0%,0%,0%,0%,0%,0%,0%,0%,0%,0%
M04,263.84,41.36,-27.14,51.15,Bennington,0%,0%,0%,0%,0%,6%,0%,86%,82%,90%,100%,100%,87%,44%,0%,0%,0%,0%,0%,0%
M05,263.7,38.5,-27.16,48.26,Americus,0%,0%,0%,0%,0%,0%,0%,0%,63%,15%,60%,46%,54%,14%,0%,0%,0%,0%,0%,0%
M06,262.6,35,-28.4,44.6,Purcell,0%,0%,0%,0%,0%,0%,0%,77%,94%,63%,43%,84%,54%,0%,36%,16%,19%,0%,0%,0%
M07,263.25,32.98,-27.45,42.65,Richardson,0%,0%,0%,0%,0%,0%,0%,0%,78%,33%,47%,0%,0%,0%,0%,0%,0%,0%,0%,0%
M08,261.39,29.44,-29.57,38.81,San Antonio,0%,0%,0%,0%,0%,7%,0%,96%,79%,38%,99%,91%,97%,81%,100%,100%,0%,0%,0%,0%
M09,262.2,26.4,-28.39,35.86,Lyford,0%,0%,0%,0%,0%,0%,0%,0%,83%,19%,92%,0%,0%,0%,0%,0%,0%,0%,0%,0%
M10,260.4,24.8,-30.44,33.92,Linares,0%,0%,0%,0%,0%,0%,0%,33%,66%,79%,0%,0%,0%,0%,0%,0%,0%,0%,0%,0%
M11,256.9,20.7,-34.06,29.05,Juriquilla,0%,0%,0%,0%,0%,0%,0%,0%,0%,0%,0%,0%,0%,0%,0%,0%,0%,0%,0%,0%
B01,296.52,-64.82,9.92,-50.49,m65-297,0%,0%,0%,0%,0%,0%,0%,0%,0%,0%,0%,0%,0%,0%,0%,0%,0%,0%,0%,0%
B02,294,-66.03,8.85,-51.57,m66-294,0%,0%,73%,14%,0%,0%,0%,0%,0%,0%,0%,0%,0%,0%,0%,0%,0%,0%,0%,0%
B04,41.08,-68.58,73.95,-66.55,m68-041,0%,0%,0%,91%,7%,0%,0%,0%,0%,0%,0%,0%,0%,0%,0%,0%,0%,0%,0%,0%
B05,41.32,-69.29,73.01,-67.01,m69-041,0%,0%,0%,80%,17%,4%,14%,0%,0%,0%,0%,0%,0%,0%,0%,0%,0%,0%,0%,0%
B06,39.4,-69.67,71.24,-66.88,m70-039,0%,0%,0%,74%,0%,0%,0%,0%,0%,0%,0%,0%,0%,0%,0%,0%,0%,0%,0%,0%
B07,44.28,-70.7,72.46,-68.37,m70-044,0%,0%,0%,0%,20%,100%,100%,67%,9%,20%,100%,97%,79%,0%,0%,0%,0%,0%,0%,0%
B08,159.03,-72.77,-65.51,-80.59,m73-159,0%,0%,0%,0%,0%,0%,0%,0%,16%,0%,0%,0%,0%,0%,0%,0%,0%,0%,0%,0%
B09,42.99,-74.01,65.55,-69.9,m74-043,0%,0%,0%,0%,17%,100%,65%,100%,13%,0%,13%,0%,0%,0%,0%,0%,0%,0%,0%,0%
B10,39.71,-77.32,57.12,-70.97,m77-040,0%,0%,0%,36%,52%,89%,0%,6%,76%,81%,96%,100%,65%,0%,0%,0%,0%,0%,0%,0%
B24,77.77,-71.67,90.74,-76.4,m72-078,0%,0%,0%,0%,0%,0%,0%,0%,0%,83%,0%,0%,0%,0%,0%,0%,0%,0%,0%,0%
B13,77,-80,56.21,-77.89,m80-077,0%,0%,0%,0%,0%,0%,0%,0%,50%,66%,6%,0%,0%,0%,0%,0%,0%,0%,0%,0%
B16,347.06,-82.78,30.62,-68.66,m83-347,0%,0%,0%,0%,0%,96%,100%,7%,72%,76%,100%,100%,8%,97%,0%,0%,0%,0%,0%,0%
B27,3,-81,37.69,-68.56,m81-003,0%,0%,0%,0%,0%,0%,0%,0%,0%,94%,18%,0%,0%,0%,0%,0%,0%,0%,0%,0%
KTB,100.32,-0.2,172.8,-9.02,Kototabang,0%,0%,0%,11%,83%,74%,52%,85%,94%,92%,44%,85%,99%,43%,63%,60%,90%,58%,33%,90%
JCO,211.2,70.36,-99.58,70.79,Jim Carrigan,0%,0%,0%,0%,0%,0%,0%,0%,0%,0%,0%,0%,0%,0%,0%,45%,100%,99%,99%,100%
SBL,299.99,43.93,22.57,50.65,Sable Carrigan,0%,0%,0%,0%,0%,0%,0%,0%,0%,0%,0%,0%,0%,100%,9%,100%,100%,99%,100%,97%
C02,265.79,57.71,-25.89,67.51,Back Lake,0%,0%,0%,0%,0%,0%,0%,0%,0%,0%,0%,0%,0%,0%,0%,15%,71%,71%,81%,39%
C13,239.97,51.88,-59.58,57.77,Wells Gray,0%,0%,0%,0%,0%,0%,0%,0%,0%,0%,0%,0%,0%,0%,48%,68%,61%,91%,87%,57%
T03,247.02,50.37,-50.67,57.63,Vulcan,0%,0%,0%,0%,0%,0%,0%,0%,0%,38%,93%,74%,99%,90%,70%,70%,60%,0%,0%,44%
C03,248.89,58.77,-50.96,66.39,Fort Chipewyan,0%,0%,0%,0%,0%,0%,0%,0%,0%,0%,0%,0%,0%,0%,10%,0%,0%,38%,39%,11%
C04,251.74,50.06,-44.6,58.18,Gull Lake,0%,0%,0%,0%,0%,0%,0%,0%,0%,71%,99%,77%,86%,32%,53%,58%,44%,78%,82%,48%
C05,264.54,52.03,-27.05,61.88,Little Grand Rapids,0%,0%,0%,0%,0%,0%,0%,0%,0%,16%,19%,28%,39%,0%,0%,9%,13%,37%,25%,0%
C06,247.03,53.35,-51.51,60.65,Ministik Lake,0%,0%,0%,0%,0%,0%,0%,0%,0%,91%,99%,95%,97%,89%,69%,76%,49%,67%,83%,71%
C07,233.31,65.26,-73.81,69.81,Norman Wells,0%,0%,0%,0%,0%,0%,0%,0%,0%,34%,56%,65%,74%,67%,49%,52%,63%,37%,0%,11%
C10,245.79,47.66,-51.46,54.63,Polson,0%,0%,0%,0%,0%,0%,0%,0%,0%,98%,99%,48%,80%,89%,41%,39%,60%,83%,45%,43%
C08,264.92,45.87,-25.94,55.78,Osakis,0%,0%,0%,0%,0%,0%,0%,0%,0%,81%,68%,42%,29%,41%,40%,64%,28%,0%,5%,4%
C09,264.71,54.93,-27.15,64.74,Oxford House,0%,0%,0%,0%,0%,0%,0%,0%,0%,0%,0%,0%,0%,0%,0%,0%,0%,0%,0%,0%
C11,263.64,48.03,-27.95,57.82,Thief River Falls,0%,0%,0%,0%,0%,0%,0%,0%,0%,91%,84%,62%,99%,72%,32%,40%,0%,17%,0%,0%
C12,256.2,49.69,-38.58,58.53,Weyburn,0%,0%,0%,0%,0%,0%,0%,0%,0%,14%,57%,66%,99%,90%,49%,44%,50%,35%,0%,0%
C01,276.1,42.42,-9.81,52.76,Ann Arbor,0%,0%,0%,0%,0%,0%,0%,0%,0%,64%,77%,0%,42%,53%,64%,62%,46%,0%,0%,0%
T15,275.31,46.48,-10.83,56.8,Bay Mills,0%,0%,0%,0%,0%,12%,94%,17%,0%,0%,27%,95%,84%,83%,84%,91%,5%,0%,0%,0%
T16,240.2,39.19,-55.72,44.83,Carson City,0%,0%,0%,0%,34%,89%,93%,98%,96%,100%,97%,70%,46%,91%,92%,84%,79%,94%,41%,0%
T17,287.87,44.95,7.03,54.18,Derby,0%,0%,0%,0%,0%,12%,46%,62%,38%,74%,39%,23%,42%,29%,0%,0%,0%,0%,0%,0%
T18,259.32,46.09,-33.78,55.35,Fort Yates,0%,0%,0%,0%,0%,20%,67%,64%,66%,77%,0%,0%,0%,0%,0%,0%,0%,0%,0%,0%
T19,245.33,47.61,-52,54.49,Hot Springs,0%,0%,0%,0%,22%,23%,63%,97%,70%,23%,60%,0%,0%,0%,0%,18%,0%,0%,0%,0%
T20,281.62,40.18,-2.1,50.23,Loysburg,0%,0%,0%,0%,0%,17%,99%,52%,97%,93%,86%,38%,0%,0%,0%,31%,36%,17%,39%,0%
T21,257.41,43.08,-35.94,52.02,Pine Ridge,0%,0%,0%,0%,21%,88%,76%,95%,85%,32%,98%,90%,47%,74%,0%,0%,0%,0%,0%,0%
T22,227.05,56.81,-75.6,60.09,Petersburg,0%,0%,0%,0%,18%,58%,82%,89%,65%,27%,94%,100%,51%,68%,31%,91%,72%,59%,0%,0%
T23,274.86,43.66,-11.56,54.01,Remus,0%,0%,0%,0%,0%,22%,92%,76%,96%,99%,51%,100%,63%,37%,0%,0%,0%,29%,0%,0%
T24,271.3,44.82,-16.71,55.13,Shawano,0%,0%,0%,0%,0%,20%,81%,29%,78%,88%,93%,65%,80%,95%,19%,0%,0%,0%,0%,0%
T25,241.07,45.14,-56.3,51.1,Ukiah,0%,0%,0%,0%,14%,98%,97%,86%,84%,24%,81%,93%,100%,92%,79%,93%,76%,0%,0%,0%
T26,242.15,34.2,-52.43,40.11,San Gabriel,0%,0%,0%,0%,0%,0%,0%,0%,0%,0%,0%,0%,0%,0%,0%,0%,0%,0%,0%,0%
T27,242.32,34.38,-52.29,40.33,Table Mountain,0%,0%,0%,0%,0%,0%,0%,0%,0%,0%,0%,0%,0%,0%,0%,0%,0%,0%,0%,0%
T28,299.54,53.3,23.54,60.55,Goose Bay,0%,0%,0%,0%,0%,0%,26%,52%,80%,84%,76%,38%,0%,52%,85%,33%,0%,47%,0%,0%
T29,291.6,58.1,14.1,66.76,Kuujjuaq,0%,0%,0%,0%,0%,0%,0%,14%,99%,85%,91%,85%,80%,65%,90%,45%,83%,83%,43%,0%
T30,285.58,49.81,4.35,59.35,Chibougamau,0%,0%,0%,0%,0%,0%,26%,0%,39%,59%,48%,35%,30%,84%,63%,0%,29%,66%,52%,0%
T31,280.8,56.5,-2.15,66.38,Sanikiluaq,0%,0%,0%,0%,0%,0%,0%,38%,96%,93%,88%,53%,85%,87%,11%,92%,46%,63%,98%,98%
T32,277.68,49.39,-7.23,59.6,Kapuskasing,0%,0%,0%,0%,0%,0%,62%,56%,81%,87%,96%,96%,94%,71%,84%,49%,60%,51%,59%,0%
T33,259.06,53.99,-35.38,63.23,Flin Flon/The Pas,0%,0%,0%,0%,0%,0%,98%,86%,89%,94%,87%,75%,81%,91%,45%,0%,80%,69%,44%,0%
T34,249.33,64.73,-53.34,72.2,Ekati,0%,0%,0%,0%,0%,0%,69%,50%,0%,0%,0%,0%,0%,0%,0%,0%,0%,0%,0%,0%
T35,249.14,63.6,-52.92,71.1,Snap Lake,0%,0%,0%,0%,0%,0%,0%,0%,0%,63%,55%,45%,89%,0%,0%,0%,0%,0%,0%,0%
T36,246.69,54.71,-52.37,61.96,Athabasca,0%,0%,0%,0%,0%,0%,0%,0%,87%,97%,99%,99%,98%,97%,97%,98%,57%,87%,100%,88%
T37,237.17,53.81,-63.47,59.16,Prince George,0%,0%,0%,0%,0%,63%,44%,95%,67%,4%,84%,90%,93%,27%,0%,16%,79%,59%,20%,0%
T38,224.78,61.01,-80,63.89,White Horse,0%,0%,0%,0%,0%,47%,81%,98%,99%,68%,92%,87%,40%,91%,97%,80%,92%,57%,0%,0%
T39,209.58,62.24,-94.67,62.2,Trapper Creek,0%,0%,0%,0%,0%,0%,0%,54%,22%,0%,89%,18%,64%,0%,39%,76%,47%,55%,70%,36%
T40,204.4,62.95,-99.39,62.04,McGrath,0%,0%,0%,0%,0%,33%,79%,77%,98%,22%,48%,69%,92%,36%,44%,14%,21%,6%,13%,0%
T41,199.56,66.97,-105.82,65.5,Kiana,0%,0%,0%,0%,0%,0%,25%,49%,99%,77%,96%,38%,40%,62%,72%,47%,73%,73%,40%,0%
T42,254.74,55.2,-41.79,63.82,La Ronge,0%,0%,0%,0%,0%,0%,0%,0%,9%,83%,93%,78%,94%,86%,96%,76%,57%,18%,0%,0%
T43,245.7,50.87,-52.44,57.88,Priddis,0%,0%,0%,0%,0%,0%,42%,0%,89%,87%,51%,29%,56%,0%,23%,68%,82%,98%,54%,0%
IZN,29.73,40.5,102.52,34.73,Iznik,0%,0%,0%,0%,0%,0%,0%,98%,96%,92%,91%,93%,96%,68%,94%,53%,16%,43%,0%,3%
PAG,24.18,47.49,98.28,42.67,Panagjurishte,0%,0%,0%,0%,0%,0%,0%,100%,99%,97%,98%,96%,100%,95%,99%,98%,96%,97%,77%,98%
HOR,15.6,77,108.73,74.45,Hornsund,0%,0%,0%,100%,99%,100%,99%,0%,100%,100%,100%,0%,0%,0%,0%,0%,0%,0%,0%,0%
SAH,234.77,71.98,-79.4,76.39,Sachs Harbour,0%,0%,0%,0%,0%,0%,0%,0%,0%,0%,0%,0%,0%,0%,0%,0%,0%,0%,0%,0%
E01,23.86,41.35,97.04,35.27,Nevrokopi,0%,0%,0%,0%,0%,0%,0%,0%,0%,0%,0%,0%,0%,0%,0%,0%,0%,0%,0%,0%
E02,21.97,39.45,95.04,32.76,Klokotos,0%,0%,0%,0%,0%,0%,0%,0%,0%,0%,0%,0%,0%,0%,0%,0%,0%,0%,0%,0%
E03,24.1,38.63,96.95,31.95,Kimi,0%,0%,0%,0%,0%,0%,0%,0%,0%,0%,0%,0%,0%,0%,0%,0%,0%,0%,0%,0%
E04,23.93,38.08,96.74,31.26,Dionyssos,0%,0%,0%,0%,0%,0%,0%,0%,0%,0%,0%,0%,0%,0%,0%,0%,0%,0%,0%,0%
E05,22.95,36.72,95.68,29.46,Velies,0%,0%,0%,0%,0%,0%,0%,0%,0%,0%,0%,26%,69%,0%,0%,0%,0%,0%,0%,0%
BRD,260.03,49.87,-33.3,59.25,Brandon,0%,0%,0%,0%,0%,0%,0%,0%,0%,0%,0%,0%,0%,0%,0%,0%,100%,92%,91%,91%
EUA,274.1,80,-21.47,87.92,Eureka,0%,0%,0%,0%,0%,0%,0%,0%,0%,0%,0%,0%,0%,0%,0%,0%,0%,0%,0%,0%
ARS,58.57,56.43,132.31,52.83,Arti,0%,0%,0%,0%,0%,0%,0%,0%,0%,0%,0%,46%,97%,99%,98%,99%,99%,100%,100%,99%
CKI,96.84,-12.19,168.74,-22.33,Cocos-Keeling Islands,0%,0%,0%,0%,0%,0%,0%,0%,0%,0%,0%,0%,0%,100%,100%,100%,100%,100%,100%,25%
CNH,124.86,44.08,-161.45,38.24,Changchun,0%,0%,0%,0%,0%,0%,0%,0%,0%,0%,0%,99%,99%,100%,74%,0%,0%,0%,0%,0%
CYG,126.85,36.37,-159.84,29.97,Cheongyang,0%,0%,0%,0%,0%,0%,0%,0%,0%,0%,0%,0%,0%,17%,99%,68%,99%,99%,99%,95%
DLT,108.48,11.94,-179.05,4.34,Dalat,0%,0%,0%,0%,0%,0%,0%,0%,0%,0%,0%,0%,99%,99%,77%,88%,86%,93%,88%,91%
DUR,14.28,41.39,88.29,34.59,Duronia,0%,0%,0%,0%,0%,0%,0%,0%,0%,0%,0%,0%,98%,74%,0%,37%,97%,50%,73%,92%
GAN,73.15,0.69,145.54,-7.77,Gan,0%,0%,0%,0%,0%,0%,0%,0%,0%,0%,0%,0%,0%,93%,99%,99%,100%,92%,70%,33%
JAI,75.8,26.92,149.05,21.04,Jaipur,0%,0%,0%,0%,0%,0%,0%,0%,0%,0%,0%,100%,99%,13%,74%,79%,97%,94%,84%,83%
KHB,134.69,47.61,-152.1,41.43,Khabarovsk,0%,0%,0%,0%,0%,0%,0%,0%,0%,0%,0%,0%,0%,12%,15%,94%,100%,100%,100%,88%
ORC,315.26,-60.74,20.34,-48.55,Orcadas,0%,0%,0%,0%,0%,0%,0%,0%,0%,0%,0%,0%,0%,26%,70%,97%,96%,97%,100%,0%
PEG,23.9,38.1,96.71,31.28,Pedeli,0%,0%,0%,0%,0%,0%,0%,0%,0%,0%,79%,98%,100%,97%,98%,94%,95%,82%,99%,99%
PET,158.25,52.97,-132.26,46.69,Paratunka,9%,12%,22%,94%,35%,0%,0%,0%,0%,0%,0%,100%,99%,61%,100%,100%,100%,100%,100%,100%
PIL,294.47,-31.4,4.66,-18.5,Pilar,0%,0%,0%,0%,0%,0%,0%,0%,0%,0%,0%,0%,27%,98%,97%,81%,69%,93%,96%,0%
WMQ,87.71,43.81,160.97,39.21,Urumqi,0%,0%,0%,0%,0%,0%,0%,0%,0%,0%,0%,100%,36%,28%,5%,0%,0%,0%,0%,0%
PG1,77.2,-85.5,33.63,-76.54,Antartica,0%,0%,0%,0%,0%,0%,0%,0%,60%,70%,73%,78%,77%,80%,82%,84%,74%,65%,83%,43%
PG2,57.96,-84.42,39.02,-75.22,Antartica,0%,0%,0%,0%,0%,0%,0%,0%,0%,13%,0%,0%,32%,62%,66%,68%,57%,66%,67%,36%
PG3,37.63,-84.81,36.7,-73.5,Antartica,0%,0%,0%,0%,0%,0%,0%,0%,0%,0%,0%,0%,0%,59%,68%,0%,0%,0%,67%,40%
PG4,12.25,-83.34,36.31,-70.79,Antartica,0%,0%,0%,0%,0%,0%,0%,0%,0%,0%,0%,0%,0%,0%,0%,0%,0%,0%,0%,36%
GNG,115.71,-31.36,-172.32,-43.17,Gingin,0%,0%,0%,0%,0%,0%,0%,0%,0%,0%,0%,0%,100%,100%,99%,100%,100%,99%,99%,99%
BRZ,24.75,56.21,100.89,52.61,Birzai,0%,0%,0%,0%,0%,0%,0%,0%,0%,0%,0%,0%,61%,90%,0%,0%,0%,0%,0%,0%
SUW,23.18,54.01,98.87,50.18,Suwalki,0%,0%,0%,0%,0%,0%,0%,0%,0%,0%,0%,0%,100%,100%,0%,0%,0%,0%,0%,0%
SZC,19.61,52.91,95.44,48.94,Szczechowo,0%,0%,0%,0%,0%,0%,0%,0%,0%,0%,0%,0%,54%,64%,0%,0%,0%,0%,0%,0%
ZAG,20.58,50.28,95.62,45.88,Zagorzyce,0%,0%,0%,0%,0%,0%,0%,0%,0%,0%,0%,0%,49%,49%,0%,0%,0%,0%,0%,0%
VYH,18.84,48.49,93.67,43.72,Vyhne,0%,0%,0%,0%,0%,0%,0%,0%,0%,0%,0%,0%,0%,1%,0%,0%,0%,0%,0%,0%
WIC,15.52,47.55,90.53,42.51,Conrad Observatorium,0%,0%,0%,0%,0%,0%,0%,0%,0%,0%,0%,0%,0%,0%,0%,0%,28%,100%,97%,100%
CST,11.65,46.05,86.82,40.54,Castello Tesino,0%,0%,0%,0%,0%,0%,0%,0%,0%,0%,0%,0%,0%,16%,0%,0%,0%,0%,0%,0%
P01,16.66,45.41,91.1,39.87,Lonjsko Polje,0%,0%,0%,0%,0%,0%,0%,0%,0%,0%,0%,0%,0%,72%,0%,0%,0%,0%,0%,0%
RNC,12.08,43.97,86.79,37.85,Ranchio,0%,0%,0%,0%,0%,0%,0%,0%,0%,0%,0%,0%,0%,12%,0%,0%,0%,0%,0%,0%
SUT,20.67,-32.4,86.27,-40.73,Sutherland,0%,0%,0%,0%,0%,0%,0%,0%,0%,0%,0%,0%,0%,0%,0%,0%,0%,0%,0%,0%
A01,7.39,8.99,80.11,-5.98,Abuja,0%,0%,0%,0%,0%,0%,0%,0%,0%,0%,0%,0%,21%,63%,42%,0%,0%,0%,0%,0%
A02,2.93,36.85,77.79,27.66,Algeria,0%,0%,0%,0%,0%,0%,0%,0%,41%,82%,98%,85%,88%,80%,90%,0%,0%,0%,0%,0%
A03,11.52,3.87,84.02,-10.87,Cameroon,0%,0%,0%,0%,0%,0%,0%,0%,0%,0%,0%,0%,69%,59%,79%,0%,0%,0%,0%,0%
A04,39.46,14.28,111.91,5.85,Ethiopia,0%,0%,0%,0%,0%,0%,0%,0%,20%,0%,54%,60%,66%,49%,0%,0%,0%,0%,0%,0%
A05,17.58,-19.2,87.79,-30.51,Namibia,0%,0%,0%,0%,0%,0%,0%,0%,0%,0%,0%,0%,20%,0%,0%,0%,0%,0%,0%,0%
A06,355.87,5.33,68.87,-8.3,Abidjan,0%,0%,0%,0%,0%,0%,0%,0%,0%,0%,27%,0%,0%,33%,8%,0%,0%,0%,0%,0%
A07,346.34,9.58,60.5,-3.1,Conakry,0%,0%,0%,0%,0%,0%,0%,0%,0%,0%,0%,0%,0%,18%,15%,0%,0%,0%,0%,0%
A08,125.4,7,-162.39,-0.79,Davao,0%,0%,0%,0%,0%,31%,9%,89%,40%,53%,96%,77%,71%,99%,49%,96%,0%,0%,0%,0%
A09,120,14.58,-167.63,7.2,Manila,0%,0%,0%,0%,0%,0%,0%,0%,0%,0%,0%,0%,0%,0%,0%,0%,0%,0%,0%,0%
A10,319.5,-9.4,30.97,-9.7,Petrolina,0%,0%,0%,0%,0%,0%,0%,0%,0%,0%,0%,0%,0%,0%,0%,0%,0%,0%,0%,0%
A11,311.55,-1.45,26.33,0.68,Belem,0%,0%,0%,0%,0%,0%,0%,0%,0%,0%,0%,0%,0%,0%,0%,0%,0%,0%,0%,0%
A12,100.61,14.08,173.19,6.48,Bangkok,0%,0%,0%,0%,0%,0%,0%,0%,0%,0%,0%,0%,0%,0%,35%,0%,0%,0%,0%,0%
A13,98.35,7.89,170.9,-0.32,Phuket,0%,0%,0%,0%,0%,0%,0%,0%,0%,0%,0%,0%,0%,0%,17%,0%,0%,0%,0%,0%
GRK,29.38,60.27,106.26,56.91,Gorkovskaya,0%,0%,0%,0%,0%,0%,0%,0%,0%,0%,0%,0%,0%,0%,0%,0%,0%,0%,0%,0%
BBG,14.21,78.06,109.7,75.55,Barentsburg,0%,0%,0%,0%,0%,0%,0%,0%,0%,0%,0%,0%,51%,50%,98%,90%,96%,89%,98%,92%
PRG,76.23,-69.23,97.3,-74.82,Progress,0%,0%,0%,0%,0%,0%,0%,0%,0%,0%,0%,0%,0%,0%,0%,0%,0%,0%,0%,0%
NVL,11.83,-70.78,53.45,-63.17,Novolazorevskaya,0%,0%,0%,0%,0%,0%,0%,0%,0%,0%,0%,0%,0%,0%,0%,0%,0%,0%,0%,0%
WHS,224.9,60.7,-79.7,63.6,Whitehorse,0%,0%,0%,0%,0%,0%,0%,0%,0%,0%,0%,0%,19%,31%,0%,0%,0%,0%,0%,0%
T44,281.92,58.47,-0.26,68.2,Inukjuak,0%,0%,0%,0%,0%,0%,0%,0%,0%,0%,0%,0%,0%,0%,22%,98%,100%,63%,81%,92%
T45,282.24,55.28,-0.04,65.08,Kuujjuarapik,0%,0%,0%,0%,0%,0%,0%,0%,0%,0%,0%,0%,0%,0%,20%,87%,100%,88%,100%,93%
T46,282.71,60.05,1.14,69.65,Puvirnituq,0%,0%,0%,0%,0%,0%,0%,0%,0%,0%,0%,0%,0%,0%,23%,95%,0%,17%,0%,70%
T47,284.35,62.2,4.03,71.55,Salluit,0%,0%,0%,0%,0%,0%,0%,0%,0%,0%,0%,0%,0%,0%,23%,96%,96%,99%,99%,38%
T48,293.19,54.8,15.63,63.24,Schefferville,0%,0%,0%,0%,0%,0%,0%,0%,0%,0%,0%,0%,0%,0%,0%,77%,78%,100%,99%,62%
T49,293.73,50.22,15.58,58.51,Spet-lles,0%,0%,0%,0%,0%,0%,0%,0%,0%,0%,0%,0%,0%,0%,17%,85%,98%,73%,99%,93%
T50,287.55,48.65,7,57.94,Saint-Fellicien,0%,0%,0%,0%,0%,0%,0%,0%,0%,0%,0%,0%,0%,0%,18%,99%,85%,85%,98%,88%
T51,282.22,48.05,-0.64,57.96,Val-dOr,0%,0%,0%,0%,0%,15%,75%,58%,90%,81%,61%,31%,0%,0%,19%,99%,53%,97%,82%,91%
T52,282.38,53.79,0.05,63.62,Radisson,0%,0%,0%,0%,0%,0%,0%,0%,0%,0%,0%,0%,0%,0%,17%,91%,86%,99%,100%,95%
T53,281.85,60.82,-0.14,70.44,Akulivik,0%,0%,0%,0%,0%,0%,0%,0%,0%,0%,0%,0%,0%,0%,0%,82%,0%,0%,0%,0%
VNA,351.7,-70.7,41.66,-60.52,Neumayer Station III,0%,0%,0%,0%,0%,0%,0%,0%,0%,0%,0%,0%,0%,0%,100%,85%,93%,95%,91%,96%
CUL,149.58,-30.28,-133.45,-39.6,Culgoora,0%,0%,0%,27%,95%,87%,90%,53%,60%,72%,91%,88%,59%,98%,96%,73%,0%,0%,0%,0%
HOB,147.35,-42.88,-132.6,-53.67,Hobart,84%,99%,98%,97%,99%,80%,97%,98%,91%,97%,83%,87%,98%,85%,99%,37%,0%,0%,0%,0%
TWN,146.82,-19.27,-138.43,-28.02,Townsville,95%,37%,75%,97%,97%,26%,91%,79%,69%,23%,0%,31%,86%,68%,75%,90%,0%,0%,0%,0%
AMA,129.33,28.17,-157.88,21.2,Amami-Oshima,0%,0%,0%,0%,0%,18%,70%,62%,77%,56%,18%,57%,71%,0%,0%,0%,0%,0%,0%,0%
ANC,282.85,-11.77,-4.64,1.26,Ancon,0%,0%,0%,0%,0%,0%,22%,98%,94%,61%,97%,43%,30%,85%,83%,0%,0%,0%,0%,0%
ASB,142.17,43.46,-145.3,36.68,Ashibetu,0%,0%,0%,0%,0%,35%,64%,89%,81%,92%,59%,90%,95%,87%,36%,19%,45%,0%,0%,0%
ASW,32.51,23.5,104.58,15.08,Aswan,0%,0%,0%,0%,0%,0%,0%,0%,0%,50%,0%,0%,0%,0%,0%,0%,0%,0%,0%,0%
BCL,105.71,9.3,178.2,1.43,Bac_Lieu,0%,0%,0%,0%,0%,0%,0%,0%,0%,0%,0%,0%,72%,82%,98%,8%,0%,0%,0%,0%
BKL,102.31,-3.86,174.76,-12.91,Bengkulu,0%,0%,0%,0%,0%,0%,0%,0%,0%,0%,0%,0%,29%,0%,0%,0%,0%,0%,0%,0%
CDO,124.63,8.4,-163.15,0.68,CagayanDeOro,0%,0%,0%,0%,0%,0%,0%,0%,0%,0%,56%,66%,22%,79%,31%,0%,0%,0%,0%,0%
CEB,123.91,10.36,-163.85,2.73,Cebu,0%,0%,0%,0%,0%,50%,70%,50%,43%,45%,39%,79%,29%,21%,22%,66%,28%,0%,0%,0%
CKT,145.25,-15.48,-140.63,-24.1,Cooktown,0%,0%,0%,0%,0%,13%,99%,30%,67%,46%,0%,0%,0%,0%,0%,0%,0%,0%,0%,0%
CMD,150.67,-34.06,-131.29,-43.57,Camden,0%,0%,0%,0%,0%,28%,93%,81%,82%,90%,67%,66%,53%,0%,0%,0%,0%,0%,0%,0%
DES,39.12,-6.46,111.67,-16.14,Dal Es Salaam,0%,0%,0%,0%,0%,0%,0%,0%,30%,48%,100%,99%,66%,0%,0%,0%,0%,0%,0%,0%
DRB,30.56,-29.48,97.47,-38.57,Durban,0%,0%,0%,0%,0%,0%,0%,0%,0%,0%,0%,0%,0%,0%,0%,0%,0%,0%,0%,0%
EUS,321.57,-3.88,34.89,-6.39,Eusebio,0%,0%,0%,0%,0%,0%,23%,74%,72%,26%,56%,79%,73%,65%,15%,0%,0%,0%,0%,0%
FYM,35.5,29.18,107.66,22.14,Fayum,0%,0%,0%,0%,0%,0%,0%,0%,32%,69%,70%,0%,0%,0%,0%,0%,0%,0%,0%,0%
GSI,97.34,1.18,169.82,-7.64,Gunung Sitoli,0%,0%,0%,0%,0%,0%,0%,0%,0%,0%,0%,0%,0%,0%,22%,0%,0%,0%,0%,0%
HLN,121.55,23.9,-165.76,17.01,Hualien,0%,0%,0%,0%,0%,60%,26%,5%,64%,47%,6%,56%,43%,62%,88%,6%,0%,0%,0%,0%
HVD,91.67,48.01,165.09,43.65,Khovd,0%,0%,0%,0%,0%,0%,0%,0%,0%,0%,0%,45%,99%,99%,22%,0%,0%,0%,0%,0%
ICA,284.25,-14.08,-3.34,-0.87,Ica,0%,0%,0%,0%,0%,0%,0%,0%,0%,0%,0%,0%,40%,57%,91%,4%,0%,0%,0%,0%
ILR,4.68,8.5,77.49,-6.48,Ilorin,0%,0%,0%,0%,0%,0%,34%,42%,96%,78%,50%,85%,17%,0%,0%,0%,0%,0%,0%,0%
JRS,281.7,0,-5.55,12.08,Alem Ecua,0%,0%,0%,0%,0%,0%,0%,0%,0%,0%,0%,0%,20%,31%,0%,37%,0%,0%,0%,0%
JYP,140.7,2.51,-146.98,-5.6,Jayapura,0%,0%,0%,0%,0%,0%,0%,0%,0%,0%,0%,0%,16%,47%,58%,0%,0%,0%,0%,0%
KPG,123.4,-10.2,-163.97,-19.07,Kupang,0%,0%,0%,0%,0%,0%,27%,14%,53%,0%,0%,0%,0%,61%,48%,0%,0%,0%,0%,0%
KRT,13.02,33.37,86.23,23.87,Khartoum,0%,0%,0%,0%,0%,0%,0%,0%,34%,51%,27%,69%,70%,57%,0%,0%,0%,0%,0%,0%
KUJ,131.23,33.06,-155.78,26.25,Kuju,0%,0%,0%,0%,0%,39%,7%,35%,53%,66%,94%,89%,53%,99%,87%,87%,35%,0%,0%,0%
LAG,3.27,6.48,76.05,-8.34,Lagos,0%,0%,0%,0%,0%,0%,0%,0%,25%,60%,32%,0%,0%,0%,0%,0%,0%,0%,0%,0%
LGZ,123.74,13.1,-163.97,5.59,Legazpi,0%,0%,0%,0%,0%,0%,0%,0%,0%,43%,66%,55%,42%,64%,25%,0%,0%,0%,0%,0%
LKW,99.78,6.3,172.31,-2,Langkawi,0%,0%,0%,0%,0%,0%,12%,55%,22%,38%,6%,85%,98%,92%,61%,55%,76%,0%,0%,0%
LSK,28.19,-15.23,99.69,-26.08,Lusaka,0%,0%,0%,0%,0%,0%,0%,0%,26%,17%,12%,61%,0%,0%,0%,0%,0%,0%,0%,0%
LWA,104.06,-5.02,176.52,-14.1,Liwa,0%,0%,0%,0%,0%,0%,0%,0%,0%,0%,0%,0%,15%,32%,53%,0%,0%,0%,0%,0%
MLB,145.18,-38.36,-136.63,-48.94,Melbourne,0%,0%,0%,0%,0%,0%,24%,87%,89%,45%,61%,33%,0%,0%,0%,0%,0%,0%,0%,0%
MND,124.84,1.44,-162.89,-6.58,Manado Indon,0%,0%,0%,0%,0%,42%,98%,31%,69%,19%,0%,0%,0%,0%,0%,0%,0%,0%,0%,0%
NAB,36.48,-1.16,109.21,-11.09,Nairobi,0%,0%,0%,0%,0%,0%,0%,0%,0%,0%,27%,93%,48%,0%,34%,0%,0%,0%,0%,0%
PRP,119.4,-3.6,-168.17,-11.96,ParePare,0%,0%,0%,0%,0%,0%,43%,73%,34%,0%,0%,0%,0%,0%,0%,0%,0%,0%,0%,0%
PTK,158.25,52.94,-132.26,46.66,St.Paratunka,0%,0%,0%,0%,0%,0%,25%,78%,88%,18%,72%,93%,95%,76%,39%,81%,0%,0%,0%,0%
ROC,150.31,-23.19,-134,-31.88,Rockhampton,0%,0%,0%,0%,0%,0%,89%,89%,85%,87%,45%,59%,24%,73%,92%,5%,0%,0%,0%,0%
SBH,116.07,6.02,-171.58,-1.8,Jayapura,0%,0%,0%,0%,0%,0%,0%,0%,0%,0%,0%,0%,0%,0%,23%,0%,0%,0%,0%,0%
SCN,100.3,-0.55,172.77,-9.4,Sicincin,0%,0%,0%,0%,0%,0%,0%,0%,0%,0%,0%,0%,32%,31%,71%,15%,0%,0%,0%,0%
TGG,121.76,17.66,-165.81,10.41,Tuguegarao,0%,0%,0%,0%,0%,46%,92%,0%,15%,0%,28%,0%,0%,0%,0%,0%,0%,0%,0%,0%
TIR,76.95,8.48,149.78,0.59,Tirunelveli,0%,0%,0%,0%,0%,0%,0%,19%,35%,88%,77%,83%,78%,29%,98%,60%,17%,0%,0%,0%
WAD,256.1,51.9,-39.14,60.74,Wadena,0%,0%,0%,0%,0%,0%,18%,65%,89%,69%,84%,97%,29%,86%,45%,0%,0%,0%,0%,0%
G01,306.28,-29.72,13.61,-20.29,Santa Maria,0%,0%,0%,0%,0%,0%,0%,89%,9%,0%,0%,0%,0%,0%,0%,0%,0%,0%,0%,0%
KLD,20.2,54.5,96.4,50.76,Kaliningrad,0%,0%,0%,0%,0%,0%,0%,0%,0%,0%,0%,0%,0%,88%,99%,90%,88%,0%,0%,0%
T54,283.15,39.1,-0.06,49.02,Laurel,0%,0%,0%,0%,0%,0%,0%,0%,0%,0%,0%,0%,0%,0%,0%,0%,35%,85%,16%,0%
T55,208.74,60.55,-94.48,60.29,Kenia College,0%,0%,0%,0%,0%,0%,0%,0%,0%,0%,0%,0%,0%,0%,0%,0%,38%,100%,99%,0%
T56,267.03,45.59,-22.91,55.68,Hrisis,0%,0%,0%,0%,0%,0%,0%,0%,0%,0%,60%,66%,36%,74%,0%,71%,73%,72%,0%,0%
T57,255.39,38.25,-37.88,46.77,Pblolo,0%,0%,0%,0%,0%,0%,0%,0%,0%,56%,70%,84%,0%,0%,0%,0%,0%,0%,0%,0%
T58,237.83,37.42,-57.83,42.55,Stfdford,0%,0%,0%,0%,0%,0%,0%,0%,0%,27%,77%,28%,81%,51%,0%,0%,0%,0%,0%,0%
BRN,132.41,47.8,-154.21,41.75,Baranov,0%,0%,0%,0%,0%,0%,0%,0%,0%,0%,0%,0%,0%,0%,0%,0%,66%,89%,98%,99%
PG0,88.68,-83.67,38.21,-78.31,PG0,0%,0%,0%,0%,0%,0%,0%,0%,0%,0%,0%,0%,0%,0%,0%,55%,65%,63%,64%,39%
PG5,5.71,-81.96,37.09,-69.41,PG5,0%,0%,0%,0%,0%,0%,0%,0%,0%,0%,0%,0%,0%,0%,0%,0%,55%,65%,73%,76%
HRP,275.3,49.2,-10.79,59.48,Hornepayne,0%,0%,0%,0%,0%,0%,0%,0%,0%,7%,0%,0%,0%,0%,0%,0%,0%,0%,0%,0%
LCL,252.9,51,-43.28,59.32,Lucky Lake,0%,0%,0%,0%,0%,0%,0%,91%,85%,0%,0%,0%,93%,0%,0%,0%,0%,0%,0%,0%
T59,207.6,57.79,-94.16,57.19,Kodkak,0%,0%,0%,0%,0%,0%,0%,0%,0%,0%,92%,52%,8%,0%,0%,0%,0%,0%,0%,0%
T60,210.4,66.63,-96.86,66.88,Toolik Lake,0%,0%,0%,0%,0%,0%,0%,0%,0%,0%,0%,0%,0%,0%,0%,0%,0%,0%,0%,0%
T61,284.56,37.88,1.78,47.66,Wlpsops Island,0%,0%,0%,0%,0%,0%,0%,0%,0%,0%,0%,0%,52%,48%,0%,0%,0%,0%,0%,0%
T62,26.41,65.9,106.23,62.84,Ranua,0%,0%,0%,0%,0%,0%,0%,0%,0%,0%,0%,0%,0%,0%,0%,0%,0%,0%,0%,0%
PKS,252.8,52.5,-43.77,60.82,ParkSite,0%,0%,0%,0%,0%,0%,0%,0%,0%,0%,0%,0%,0%,0%,0%,0%,0%,0%,0%,0%
FTN,237.2,58.9,-65.57,64.3,Fort Nelson,0%,0%,0%,0%,0%,0%,0%,0%,0%,0%,0%,0%,0%,0%,0%,0%,0%,0%,0%,0%
W01,147.21,-41.55,-133.22,-52.22,Launceston,0%,0%,0%,0%,0%,0%,0%,0%,0%,0%,0%,0%,0%,0%,0%,0%,0%,0%,0%,0%
W02,167.97,-29.03,-113.4,-35.53,Norfolk Island,0%,0%,0%,0%,0%,0%,0%,0%,0%,0%,0%,0%,0%,0%,0%,0%,0%,0%,0%,0%
W03,141.3,-2.7,-146.04,-10.93,Vanimo,0%,0%,0%,0%,0%,0%,0%,0%,0%,0%,0%,0%,0%,0%,0%,0%,0%,0%,0%,0%
W04,111.53,-66.28,160.34,-81.04,Casey2,0%,0%,0%,0%,0%,0%,0%,0%,0%,0%,0%,0%,0%,0%,0%,0%,0%,0%,0%,0%
W05,77.96,-68.58,100.67,-74.91,Davis2,0%,0%,0%,0%,0%,0%,0%,0%,0%,0%,0%,0%,0%,0%,0%,0%,0%,0%,0%,0%
NR2,24.65,60.5,102.27,57.25,Nurmijarvi2,0%,0%,0%,0%,0%,0%,0%,0%,0%,0%,0%,0%,0%,0%,0%,0%,0%,0%,0%,0%
